interval_from,interval_to,LST_min_K,LST_max_K,LST_mean_K,LST_stDev_K,Gray_B0_sampleCount,Gray_B0_noDataCount,Gray_B0_percentiles_50.0
2024-07-02,2024-07-03,312.989990234375,314.8299865722656,314.49830758571767,0.5739468545323106,65536,0,314.8299865722656
2024-07-03,2024-07-04,302.1600036621094,303.4599914550781,303.2267518043522,0.40512823790225305,65536,0,303.4599914550781
2024-07-04,2024-07-05,307.17999267578125,308.7799987792969,308.49425292015115,0.49818483346419434,65536,0,308.7799987792969
2024-07-05,2024-07-06,304.2200012207031,305.69000244140625,305.4258583784114,0.45824715746566475,65536,0,305.69000244140625
2024-07-06,2024-07-07,306.4700012207031,308.1000061035156,307.8109791278819,0.5068533061606505,65536,0,308.1000061035156
2024-07-07,2024-07-08,307.5,309.2300109863281,308.92266333103214,0.5381380951812683,65536,0,309.2300109863281
2024-07-09,2024-07-10,289.7699890136719,290.45001220703125,290.32641291618336,0.21247733300114158,65536,0,290.45001220703125
2024-07-11,2024-07-12,307.8999938964844,309.75,309.43445456027655,0.5717000838609554,65536,0,309.75
2024-07-12,2024-07-13,309.0400085449219,311.0,310.6601157188361,0.6071749727360939,65536,0,311.0
2024-07-13,2024-07-14,305.6400146484375,307.3900146484375,307.09524571896236,0.5398943683917813,65536,0,307.3900146484375
2024-07-14,2024-07-15,310.80999755859375,312.9599914550781,312.59195065498375,0.6647436604503076,65536,0,312.9599914550781
2024-07-15,2024-07-16,312.0899963378906,314.32000732421875,313.93828797340313,0.6894787604297657,65536,0,314.32000732421875
2024-07-16,2024-07-17,294.05999755859375,295.1099853515625,294.9336194992063,0.3238195164154925,65536,0,295.1099853515625
2024-07-18,2024-07-19,304.0400085449219,305.79998779296875,305.5041348934144,0.542835589431017,65536,0,305.79998779296875
2024-07-19,2024-07-20,303.6600036621094,305.3999938964844,305.1063272953053,0.5369426087590085,65536,0,305.3999938964844
2024-07-20,2024-07-21,300.7200012207031,302.2799987792969,302.01832056045515,0.4810280883998494,65536,0,302.2799987792969
2024-07-21,2024-07-22,300.29998779296875,301.82000732421875,301.5676208734539,0.468140053254821,65536,0,301.82000732421875
2024-07-22,2024-07-23,302.260009765625,303.9599914550781,303.67561995983226,0.524016785869143,65536,0,303.9599914550781
2024-07-23,2024-07-24,307.79998779296875,309.92999267578125,309.57397651672267,0.6565071550089316,65536,0,309.92999267578125
2024-07-25,2024-07-26,310.5899963378906,313.0,312.6035131216033,0.7415013364642429,65536,0,313.0
2024-07-27,2024-07-28,297.8399963378906,299.2799987792969,299.0462100505838,0.4424848429508016,65536,0,299.2799987792969
2024-07-28,2024-07-29,302.9200134277344,304.739990234375,304.43757510185264,0.5605684691495983,65536,0,304.739990234375
2024-07-29,2024-07-30,313.1600036621094,315.8599853515625,315.4219437837611,0.8295990746094948,65536,0,315.8599853515625
2024-07-30,2024-07-31,305.1600036621094,307.2200012207031,306.8864071369175,0.6328522069357442,65536,0,307.2200012207031
2024-07-31,2024-08-01,309.9800109863281,312.4599914550781,312.05585837363674,0.762312898045349,65536,0,312.4599914550781
2024-08-01,2024-08-02,312.6499938964844,315.3699951171875,314.9248372316419,0.836439319797618,65536,0,315.3699951171875
2024-08-03,2024-08-04,313.07000732421875,315.8699951171875,315.41608870029376,0.8602656801050729,65536,0,315.8699951171875
2024-08-04,2024-08-05,313.4200134277344,316.260009765625,315.8017274141295,0.8722072939840222,65536,0,316.260009765625
2024-08-05,2024-08-06,314.8500061035156,317.7300109863281,317.2648893594785,0.8845570627753224,65536,0,317.7300109863281
2024-08-06,2024-08-07,303.6199951171875,305.6499938964844,305.324607610701,0.6231003653004091,65536,0,305.6499938964844
2024-08-07,2024-08-08,302.9800109863281,305.010009765625,304.6821526288955,0.6234903659991253,65536,0,305.010009765625
2024-08-08,2024-08-09,303.8699951171875,305.9800109863281,305.64094614982196,0.6477924648327562,65536,0,305.9800109863281
2024-08-10,2024-08-11,303.7099914550781,305.8299865722656,305.4922935962682,0.6504132331417752,65536,0,305.8299865722656
2024-08-12,2024-08-13,298.57000732421875,300.2799987792969,300.0043783187814,0.5251140423318074,65536,0,300.2799987792969
2024-08-13,2024-08-14,299.3999938964844,301.20001220703125,300.91700088977666,0.5517556886260969,65536,0,301.20001220703125
2024-08-14,2024-08-15,299.67999267578125,301.510009765625,301.2237173318876,0.5607824506919675,65536,0,301.510009765625
2024-08-15,2024-08-16,310.8399963378906,313.6700134277344,313.2226608991594,0.8677801974476935,65536,0,313.6700134277344
2024-08-16,2024-08-17,309.8399963378906,312.6099853515625,312.18151509762004,0.8483123230192511,65536,0,312.6099853515625
2024-08-17,2024-08-18,309.29998779296875,312.0199890136719,311.59452283382564,0.833498766850112,65536,0,312.0199890136719
2024-08-19,2024-08-20,306.7300109863281,309.260009765625,308.86024427413923,0.7757633345515588,65536,0,309.260009765625
2024-08-20,2024-08-21,301.6600036621094,303.739990234375,303.4115923643113,0.6377443278608425,65536,0,303.739990234375
2024-08-21,2024-08-22,302.7900085449219,304.9800109863281,304.63219761847995,0.6717475321537293,65536,0,304.9800109863281
2024-08-22,2024-08-23,304.6700134277344,307.04998779296875,306.67647707462396,0.7294461255961247,65536,0,307.04998779296875
2024-08-23,2024-08-24,306.67999267578125,309.260009765625,308.85969269275483,0.79025453610363,65536,0,309.260009765625
2024-08-24,2024-08-25,294.3500061035156,295.75,295.53288888931075,0.42880424862267463,65536,0,295.75
2024-08-26,2024-08-27,314.489990234375,317.7799987792969,317.2700405120882,1.0076714441458559,65536,0,317.7799987792969
2024-08-28,2024-08-29,309.8399963378906,312.82000732421875,312.3537933826447,0.9131831068206799,65536,0,312.82000732421875
2024-08-29,2024-08-30,313.6400146484375,317.0,316.4749979972857,1.029546863856454,65536,0,317.0
2024-08-30,2024-08-31,310.6600036621094,313.760009765625,313.28067135810966,0.9493632045771757,65536,0,313.760009765625
2024-08-31,2024-09-01,308.7799987792969,311.70001220703125,311.24527966976405,0.8945670532236166,65536,0,311.70001220703125
2024-09-01,2024-09-02,307.5199890136719,310.30999755859375,309.879330158236,0.8543583431854711,65536,0,310.30999755859375
2024-09-02,2024-09-03,305.5899963378906,308.2300109863281,307.8206683397286,0.8086032225016377,65536,0,308.2300109863281
2024-09-04,2024-09-05,309.04998779296875,312.04998779296875,311.58651423454745,0.9186987077220673,65536,0,312.04998779296875
2024-09-05,2024-09-06,312.57000732421875,315.9700012207031,315.448005795481,1.040897442334116,65536,0,315.9700012207031
2024-09-06,2024-09-07,305.79998779296875,308.5,308.089021801944,0.8263233460812079,65536,0,308.5
2024-09-07,2024-09-08,303.9200134277344,306.4200134277344,306.03583073616124,0.7653979994573016,65536,0,306.4200134277344
2024-09-08,2024-09-09,301.5,303.7799987792969,303.4297245740876,0.6980340039862214,65536,0,303.7799987792969
2024-09-09,2024-09-10,306.8500061035156,309.70001220703125,309.26278257369927,0.8724929375785855,65536,0,309.70001220703125
2024-09-11,2024-09-12,310.8299865722656,314.1199951171875,313.6124926805484,1.0074368051851588,65536,0,314.1199951171875
2024-09-13,2024-09-14,301.55999755859375,303.9100036621094,303.5471532344797,0.7196299928081359,65536,0,303.9100036621094
2024-09-14,2024-09-15,309.7900085449219,313.010009765625,312.51754689215954,0.985638291805091,65536,0,313.010009765625
2024-09-15,2024-09-16,310.510009765625,313.8399963378906,313.32812130451134,1.0195185917440348,65536,0,313.8399963378906
2024-09-16,2024-09-17,307.9800109863281,308.6600036621094,308.06915020942097,0.20860003556415235,65536,0,307.9800109863281
2024-09-17,2024-09-18,310.1000061035156,313.4100036621094,312.90277826786127,1.0132661250308266,65536,0,313.4100036621094
2024-09-18,2024-09-19,312.010009765625,315.55999755859375,315.0166773796089,1.086677626775693,65536,0,315.55999755859375
2024-09-20,2024-09-21,315.8500061035156,319.5899963378906,319.0185121297863,1.144766870375558,65536,0,319.5899963378906
2024-09-21,2024-09-22,294.5799865722656,296.260009765625,296.0122704505914,0.5137810259475271,65536,0,296.260009765625
2024-09-22,2024-09-23,302.5299987792969,305.05999755859375,304.67499709129316,0.774284625195573,65536,0,305.05999755859375
2024-09-23,2024-09-24,290.9800109863281,292.2799987792969,292.08120834827355,0.39792241237079934,65536,0,292.2799987792969
2024-09-24,2024-09-25,296.8599853515625,298.79998779296875,298.50412905216047,0.5937678134026456,65536,0,298.79998779296875
2024-09-25,2024-09-26,302.739990234375,305.3299865722656,304.93843138218006,0.7924762240926078,65536,0,305.3299865722656
2024-09-27,2024-09-28,294.8900146484375,296.6199951171875,296.3618725538205,0.5291572263891781,65536,0,296.6199951171875
2024-09-29,2024-09-30,305.45001220703125,308.3900146484375,307.9429416656479,0.8997402424666491,65536,0,308.3900146484375
2024-09-30,2024-10-01,307.7900085449219,311.0,310.51109528541633,0.982421215424786,65536,0,311.0
2024-10-01,2024-10-02,299.5799865722656,301.8699951171875,301.5235527753864,0.7007019588174664,65536,0,301.8699951171875
2024-10-02,2024-10-03,301.2699890136719,303.760009765625,303.3843010664015,0.7618424558338949,65536,0,303.760009765625
2024-10-03,2024-10-04,305.7900085449219,308.79998779296875,308.34772443771396,0.9208235817334057,65536,0,308.79998779296875
2024-10-04,2024-10-05,306.3800048828125,309.4599914550781,308.9976152181639,0.942219689900376,65536,0,309.4599914550781
2024-10-06,2024-10-07,303.2799987792969,306.0299987792969,305.61601650714664,0.8413314559323933,65536,0,306.0299987792969
2024-10-07,2024-10-08,299.6499938964844,302.0,301.6445320844652,0.7190569758352455,65536,0,302.0
2024-10-08,2024-10-09,301.6300048828125,302.57000732421875,301.95195591449874,0.25980375803021905,65536,0,301.9700012207031
2024-10-09,2024-10-10,304.8800048828125,305.9700012207031,305.250580191611,0.3010759541213071,65536,0,305.2699890136719
2024-10-10,2024-10-11,304.7099914550781,305.8699951171875,305.16558408736984,0.32750615411527884,65536,0,305.2200012207031
2024-10-11,2024-10-12,308.1499938964844,309.510009765625,308.69191992282964,0.3853095634765178,65536,0,308.760009765625
2024-10-13,2024-10-14,301.20001220703125,302.30999755859375,301.6823527812961,0.32284390768854226,65536,0,301.760009765625
2024-10-15,2024-10-16,292.07000732421875,292.7799987792969,292.3925876617427,0.2101172066918728,65536,0,292.45001220703125
2024-10-16,2024-10-17,295.8299865722656,296.739990234375,296.2389003038407,0.26808678536592456,65536,0,296.30999755859375
2024-10-17,2024-10-18,297.6700134277344,298.6700134277344,298.1274211406717,0.29678814317418767,65536,0,298.2099914550781
2024-10-18,2024-10-19,300.07000732421875,301.2799987792969,300.6470782756832,0.36604138071838777,65536,0,300.760009765625
2024-10-19,2024-10-20,301.4200134277344,302.7200012207031,302.0520299673049,0.39705955749181204,65536,0,302.17999267578125
2024-10-20,2024-10-21,304.9100036621094,306.3299865722656,305.6389368772492,0.4468890315623926,65536,0,305.79998779296875
2024-10-22,2024-10-23,307.07000732421875,308.6499938964844,307.8937815427748,0.501890880798241,65536,0,308.0799865722656
2024-10-23,2024-10-24,299.4599914550781,300.55999755859375,300.0637030601488,0.36114587729736436,65536,0,300.2099914550781
2024-10-24,2024-10-25,300.25,301.4200134277344,300.88070380687736,0.3795670787796144,65536,0,301.0299987792969
2024-10-25,2024-10-26,299.3699951171875,300.6099853515625,300.1759370565383,0.4645066168075499,65536,0,300.4100036621094
2024-10-26,2024-10-27,295.0299987792969,295.989990234375,295.6570665836353,0.36119050139272346,65536,0,295.8399963378906
2024-10-27,2024-10-28,299.54998779296875,300.79998779296875,300.3699080944042,0.47203931334362714,65536,0,300.6099853515625
2024-10-29,2024-10-30,306.19000244140625,307.8299865722656,307.29750227928577,0.6357027197862075,65536,0,307.6300048828125
2024-10-31,2024-11-01,291.5199890136719,292.3299865722656,292.0468786954879,0.3036434568461854,65536,0,292.20001220703125
2024-11-01,2024-11-02,294.92999267578125,295.94000244140625,295.6012015342655,0.38586848864632906,65536,0,295.79998779296875
2024-11-02,2024-11-03,295.6099853515625,296.70001220703125,296.31573283672145,0.4069593985626593,65536,0,296.5199890136719
2024-11-03,2024-11-04,292.4700012207031,293.3900146484375,293.0475745201162,0.3345486261113853,65536,0,293.2099914550781
2024-11-04,2024-11-05,295.4599914550781,296.54998779296875,296.17863881587954,0.4134929484927917,65536,0,296.3900146484375
2024-11-05,2024-11-06,292.3299865722656,293.239990234375,292.91936826705836,0.3398443785829424,65536,0,293.0899963378906
2024-11-07,2024-11-08,291.70001220703125,292.57000732421875,292.2656631469683,0.32600053151061026,65536,0,292.42999267578125
2024-11-08,2024-11-09,293.04998779296875,294.0400085449219,293.6610049009348,0.3549543781106481,65536,0,293.8299865722656
2024-11-09,2024-11-10,289.5899963378906,290.3500061035156,290.0598450899119,0.2728639669891023,65536,0,290.19000244140625
2024-11-10,2024-11-11,293.80999755859375,294.8399963378906,294.4511740207695,0.3719125720890462,65536,0,294.6300048828125
2024-11-11,2024-11-12,294.92999267578125,296.0400085449219,295.61213970184315,0.3965859966393753,65536,0,295.79998779296875
2024-11-12,2024-11-13,291.6499938964844,292.5799865722656,292.19643998146057,0.32071345987432615,65536,0,292.3399963378906
2024-11-14,2024-11-15,287.2799987792969,287.92999267578125,287.6604739427591,0.22350730976643027,65536,0,287.760009765625
2024-11-16,2024-11-17,291.489990234375,292.42999267578125,292.04398274421237,0.3249121090206651,65536,0,292.19000244140625
2024-11-17,2024-11-18,294.7300109863281,295.9100036621094,295.39402496815,0.39418333679272693,65536,0,295.55999755859375
2024-11-18,2024-11-19,291.5,292.45001220703125,292.03575217723795,0.317843914951915,65536,0,292.1700134277344
2024-11-19,2024-11-20,293.70001220703125,294.80999755859375,294.3241504430771,0.370594695223019,65536,0,294.4800109863281
2024-11-20,2024-11-21,283.9800109863281,284.4200134277344,284.23437130450924,0.14988828041364688,65536,0,284.29998779296875
2024-11-21,2024-11-22,282.239990234375,282.54998779296875,282.41569387912784,0.10408967214961407,65536,0,282.4599914550781
2024-11-23,2024-11-24,288.5400085449219,289.30999755859375,288.9658268690134,0.2541128410988375,65536,0,289.07000732421875
2024-11-24,2024-11-25,295.0899963378906,296.3599853515625,295.75097012519524,0.4029837984626382,65536,0,295.8999938964844
2024-11-25,2024-11-26,283.4599914550781,283.8599853515625,283.66487360000707,0.12572181895426907,65536,0,283.7099914550781
2024-11-26,2024-11-27,282.1700134277344,282.489990234375,282.33390533923784,0.10057011183549082,65536,0,282.3699951171875
2024-11-27,2024-11-28,283.4599914550781,283.8699951171875,283.66596841812236,0.1274478707840809,65536,0,283.7099914550781
2024-11-28,2024-11-29,274.82000732421875,275.0299987792969,274.9203157424928,0.06357484490212362,65536,0,274.94000244140625
2024-11-30,2024-12-01,272.8599853515625,273.0400085449219,272.9570356607427,0.05840476510138305,65536,0,272.9800109863281
2024-12-02,2024-12-03,273.4100036621094,273.6099853515625,273.5027656555172,0.05971735668816728,65536,0,273.5199890136719
2024-12-03,2024-12-04,277.4599914550781,277.6600036621094,277.5592083930936,0.06174162282769379,65536,0,277.5799865722656
2024-12-04,2024-12-05,284.7300109863281,285.260009765625,284.9942146539674,0.1640431378207474,65536,0,285.04998779296875
2024-12-05,2024-12-06,273.82000732421875,274.0,273.91058301925574,0.05600228784439094,65536,0,273.92999267578125
2024-12-06,2024-12-07,279.260009765625,279.4599914550781,279.35922336578403,0.061736174153446115,65536,0,279.3800048828125
2024-12-07,2024-12-08,288.1300048828125,288.92999267578125,288.4946472644797,0.23707291208668507,65536,0,288.55999755859375
2024-12-09,2024-12-10,284.04998779296875,284.5199890136719,284.24319183826583,0.13427180854450638,65536,0,284.2699890136719
2024-12-10,2024-12-11,280.4700012207031,280.70001220703125,280.5596157312332,0.06482151702570806,65536,0,280.57000732421875
2024-12-11,2024-12-12,277.6300048828125,277.8399963378906,277.7174297571229,0.060216572748606804,65536,0,277.7300109863281
2024-12-12,2024-12-13,278.489990234375,278.7099914550781,278.5785099267954,0.06248337463294818,65536,0,278.5899963378906
2024-12-13,2024-12-14,277.45001220703125,277.67999267578125,277.53960371017524,0.06481113483928398,65536,0,277.54998779296875
2024-12-14,2024-12-15,280.5400085449219,280.7900085449219,280.63180935383235,0.06967530616670864,65536,0,280.6400146484375
2024-12-16,2024-12-17,287.7200012207031,288.5299987792969,288.0083978176117,0.22478074945500556,65536,0,288.0299987792969
2024-12-18,2024-12-19,282.05999755859375,282.4100036621094,282.16918814182327,0.09631925986243577,65536,0,282.1700134277344
2024-12-19,2024-12-20,284.8599853515625,285.42999267578125,285.0512440204632,0.15729389542018676,65536,0,285.05999755859375
2024-12-20,2024-12-21,275.2300109863281,275.45001220703125,275.2991758585011,0.060548656778703996,65536,0,275.29998779296875
2024-12-21,2024-12-22,279.3999938964844,279.6099853515625,279.46163201331984,0.05782656141262952,65536,0,279.4599914550781
2024-12-22,2024-12-23,282.0899963378906,282.44000244140625,282.19918692112014,0.09631925986243577,65536,0,282.20001220703125
2024-12-23,2024-12-24,286.3599853515625,287.05999755859375,286.578346848487,0.19263835174547592,65536,0,286.5799865722656
2024-12-25,2024-12-26,283.0899963378906,283.5199890136719,283.2208189964269,0.11832825941974519,65536,0,283.2200012207031
2024-12-26,2024-12-27,286.32000732421875,287.0299987792969,286.53300869464573,0.19541377025367793,65536,0,286.5299987792969
2024-12-27,2024-12-28,281.1499938964844,281.45001220703125,281.2408138513551,0.08256491830716516,65536,0,281.239990234375
2024-12-28,2024-12-29,286.9800109863281,287.7200012207031,287.19629347324445,0.2038027725240744,65536,0,287.19000244140625
2024-12-29,2024-12-30,284.55999755859375,285.1300048828125,284.72546947002314,0.15702436941659043,65536,0,284.7200012207031
2024-12-30,2024-12-31,284.4800109863281,285.05999755859375,284.65945792198096,0.15959936324236276,65536,0,284.6600036621094
2025-01-01,2025-01-02,280.7200012207031,280.989990234375,280.8010851144797,0.07430885670250074,65536,0,280.79998779296875
2025-01-03,2025-01-04,278.69000244140625,278.92999267578125,278.7613732814778,0.06606477547317863,65536,0,278.760009765625
2025-01-04,2025-01-05,274.92999267578125,275.1499938964844,274.99272561073207,0.06065073202495339,65536,0,274.989990234375
2025-01-05,2025-01-06,267.8699951171875,268.1099853515625,267.9349143505075,0.0663709585308983,65536,0,267.92999267578125
2025-01-06,2025-01-07,269.29998779296875,269.510009765625,269.355197310447,0.058213955496146025,65536,0,269.3500061035156
2025-01-07,2025-01-08,267.1099853515625,267.3399963378906,267.17383277416724,0.06350182213671703,65536,0,267.1700134277344
2025-01-08,2025-01-09,270.6300048828125,270.8500061035156,270.6862862110177,0.06112906250002023,65536,0,270.67999267578125
2025-01-10,2025-01-11,279.17999267578125,279.4100036621094,279.24382042884673,0.06350300683887362,65536,0,279.239990234375
2025-01-11,2025-01-12,279.70001220703125,279.94000244140625,279.76493144035123,0.0663709585308983,65536,0,279.760009765625
2025-01-12,2025-01-13,282.7099914550781,283.1400146484375,282.82148230075825,0.11933779710984027,65536,0,282.80999755859375
2025-01-13,2025-01-14,264.6000061035156,264.82000732421875,264.65628743172084,0.06112906250002023,65536,0,264.6499938964844
2025-01-14,2025-01-15,268.0799865722656,268.32000732421875,268.15136075019717,0.06607329494541143,65536,0,268.1499938964844
2025-01-15,2025-01-16,270.989990234375,271.239990234375,271.06245589256054,0.06887328901160432,65536,0,271.05999755859375
2025-01-17,2025-01-18,285.42999267578125,286.0799865722656,285.59132957458314,0.18115167945220315,65536,0,285.57000732421875
2025-01-22,2025-01-23,273.239990234375,273.4700012207031,273.2844828367192,0.06623390006778779,65536,0,273.2699890136719
2025-01-23,2025-01-24,266.989990234375,267.19000244140625,267.0183181762678,0.06031285811012266,65536,0,267.0
2025-01-24,2025-01-25,273.7900085449219,274.0,273.82585990429163,0.06160563564863165,65536,0,273.80999755859375
2025-01-26,2025-01-27,278.25,278.45001220703125,278.27187633514666,0.062425636036655456,65536,0,278.25
2025-01-27,2025-01-28,280.1099853515625,280.32000732421875,280.132956504823,0.06554977528292322,65536,0,280.1099853515625
2025-01-28,2025-01-29,283.6000061035156,283.9700012207031,283.6478568315499,0.11359936829672723,65536,0,283.6000061035156
2025-01-29,2025-01-30,285.4100036621094,285.8999938964844,285.4734421968389,0.1504305863648951,65536,0,285.4100036621094
2025-01-30,2025-01-31,280.0899963378906,280.260009765625,280.1135107278849,0.05202729773824887,65536,0,280.0899963378906
2025-01-31,2025-02-01,281.8599853515625,282.1199951171875,281.8958139419501,0.07957722484286664,65536,0,281.8599853515625
2025-02-02,2025-02-03,288.42999267578125,289.1300048828125,288.5311673879574,0.21405731650567134,65536,0,288.42999267578125
2025-02-04,2025-02-05,284.1499938964844,284.55999755859375,284.2096030712137,0.12537494821051876,65536,0,284.1499938964844
2025-02-05,2025-02-06,280.0799865722656,280.260009765625,280.10213994979847,0.05548467017923787,65536,0,280.0799865722656
2025-02-06,2025-02-07,282.70001220703125,283.0199890136719,282.74977469444076,0.09802008352367843,65536,0,282.70001220703125
2025-02-07,2025-02-08,278.760009765625,278.95001220703125,278.7906296253189,0.058346214067191496,65536,0,278.760009765625
2025-02-08,2025-02-09,278.260009765625,278.44000244140625,278.2895348072059,0.055362903343166674,65536,0,278.260009765625
2025-02-09,2025-02-10,274.2900085449219,274.4700012207031,274.31953358650276,0.055362903343166674,65536,0,274.2900085449219
2025-02-11,2025-02-12,276.5,276.67999267578125,276.5295325517658,0.05536432287216556,65536,0,276.5
2025-02-12,2025-02-13,276.5299987792969,276.70001220703125,276.5584398508108,0.052406684316565186,65536,0,276.5299987792969
2025-02-13,2025-02-14,274.1300048828125,274.29998779296875,274.15844261646004,0.052397667451308694,65536,0,274.1300048828125
2025-02-14,2025-02-15,276.5799865722656,276.75,276.6084276437796,0.052406684316565186,65536,0,276.5799865722656
2025-02-15,2025-02-16,278.1300048828125,278.29998779296875,278.1559792757015,0.052029792121914324,65536,0,278.1300048828125
2025-02-16,2025-02-17,273.0799865722656,273.239990234375,273.1073328256586,0.049459365611232334,65536,0,273.0799865722656
2025-02-18,2025-02-19,266.29998779296875,266.4599914550781,266.3273340463617,0.049459365611232334,65536,0,266.29998779296875
2025-02-20,2025-02-21,272.6300048828125,272.7900085449219,272.6598069667812,0.05026826007187803,65536,0,272.6300048828125
2025-02-21,2025-02-22,277.0299987792969,277.19000244140625,277.0598008632656,0.05026826007187803,65536,0,277.0299987792969
2025-02-22,2025-02-23,280.8500061035156,281.04998779296875,280.88418078422944,0.06181605093248125,65536,0,280.8500061035156
2025-02-23,2025-02-24,286.6199951171875,287.1700134277344,286.7170659303668,0.17088609225492848,65536,0,286.6199951171875
2025-02-24,2025-02-25,282.4700012207031,282.7699890136719,282.5249599218378,0.09389189133181713,65536,0,282.4700012207031
2025-02-25,2025-02-26,294.05999755859375,295.0799865722656,294.24292814731734,0.31784493459158547,65536,0,294.05999755859375
2025-02-27,2025-02-28,290.8999938964844,291.7300109863281,291.0498446226109,0.25898600679605305,65536,0,290.8999938964844
2025-02-28,2025-03-01,294.9100036621094,295.989990234375,295.10933482647215,0.3385798917448014,65536,0,294.9100036621094
2025-03-01,2025-03-02,284.3599853515625,284.760009765625,284.4308122396443,0.12435546558999766,65536,0,284.3599853515625
2025-03-02,2025-03-03,288.7799987792969,289.4100036621094,288.88089895248487,0.19336510096333295,65536,0,288.7799987792969
2025-03-03,2025-03-04,294.17999267578125,295.1099853515625,294.3309323787712,0.28576057323119275,65536,0,294.17999267578125
2025-03-04,2025-03-05,273.80999755859375,273.9599914550781,273.8313223123573,0.04587288406590892,65536,0,273.80999755859375
2025-03-06,2025-03-07,283.75,284.04998779296875,283.7975761890389,0.09200717673031061,65536,0,283.75
2025-03-08,2025-03-09,290.5299987792969,291.1400146484375,290.62379348278176,0.18676643774133428,65536,0,290.5299987792969
2025-03-09,2025-03-10,293.79998779296875,294.5899963378906,293.92331504821897,0.24205725408708698,65536,0,293.79998779296875
2025-03-10,2025-03-11,297.4200134277344,298.3999938964844,297.576413035394,0.3007003049422444,65536,0,297.4200134277344
2025-03-11,2025-03-12,301.92999267578125,303.1400146484375,302.12386226653666,0.37139896956519003,65536,0,301.92999267578125
2025-03-12,2025-03-13,298.94000244140625,299.9599914550781,299.0933954715725,0.3120457602542381,65536,0,298.94000244140625
2025-03-13,2025-03-14,305.1199951171875,306.45001220703125,305.3220700025592,0.4070181241703018,65536,0,305.1199951171875
2025-03-15,2025-03-16,289.92999267578125,290.489990234375,290.0084707736928,0.17130966349378118,65536,0,289.92999267578125
2025-03-16,2025-03-17,287.55999755859375,288.010009765625,287.62398266792036,0.13762779637032718,65536,0,287.55999755859375
2025-03-17,2025-03-18,297.1700134277344,298.1700134277344,297.303991794584,0.30640583093793566,65536,0,297.1700134277344
2025-03-18,2025-03-19,302.3699951171875,303.6600036621094,302.5480023622547,0.39479542582961147,65536,0,302.3699951171875
2025-03-19,2025-03-20,293.3800048828125,294.1600036621094,293.4899281263336,0.2385826065909455,65536,0,293.3800048828125
2025-03-20,2025-03-21,289.44000244140625,290.0299987792969,289.5242174863823,0.1804307689603335,65536,0,289.44000244140625
2025-03-22,2025-03-23,295.1099853515625,296.010009765625,295.23303639888627,0.27553263736354766,65536,0,295.1099853515625
2025-03-24,2025-03-25,291.0400085449219,291.7200012207031,291.13406693935667,0.20808988512784937,65536,0,291.0400085449219
2025-03-25,2025-03-26,293.69000244140625,294.5,293.79582428931957,0.2485323985884401,65536,0,293.69000244140625
2025-03-26,2025-03-27,297.0899963378906,298.0899963378906,297.223982214928,0.30640499779081454,65536,0,297.0899963378906
2025-03-27,2025-03-28,296.57000732421875,297.6700134277344,296.7001588344524,0.3402926983895826,65536,0,296.57000732421875
2025-03-28,2025-03-29,301.9800109863281,303.4200134277344,302.1547321081151,0.44438537224848174,65536,0,301.9800109863281
2025-03-29,2025-03-30,301.57000732421875,303.1199951171875,301.7469197511664,0.48134473936240374,65536,0,301.57000732421875
2025-03-31,2025-04-01,292.5899963378906,293.54998779296875,292.7023779153831,0.29730464672752505,65536,0,292.5899963378906
2025-04-01,2025-04-02,292.95001220703125,294.260009765625,293.29309630393806,0.36322103167853637,65536,0,293.260009765625
2025-04-02,2025-04-03,293.8900146484375,295.29998779296875,294.263368725779,0.39058045874598796,65536,0,294.2300109863281
2025-04-03,2025-04-04,279.3599853515625,279.6400146484375,279.4357354640963,0.07744403808234004,65536,0,279.42999267578125
2025-04-05,2025-04-06,273.6600036621094,273.8900146484375,273.72383141517486,0.06350300683887362,65536,0,273.7200012207031
2025-04-07,2025-04-08,294.69000244140625,296.2099914550781,295.10760819912235,0.41991309042301267,65536,0,295.0799865722656
2025-04-09,2025-04-10,295.9700012207031,297.7699890136719,296.40534830093395,0.503067701706267,65536,0,296.3399963378906
2025-04-10,2025-04-11,294.8599853515625,296.5400085449219,295.25644421576976,0.47087749551094427,65536,0,295.19000244140625
2025-04-11,2025-04-12,292.79998779296875,294.3599853515625,293.13174533844,0.4431639662909196,65536,0,293.04998779296875
2025-04-12,2025-04-13,296.7699890136719,298.7699890136719,297.1949937343583,0.5682200354333112,65536,0,297.0899963378906
2025-04-13,2025-04-14,303.07000732421875,305.9200134277344,303.63953530788933,0.8167998355688626,65536,0,303.4700012207031
2025-04-14,2025-04-15,292.69000244140625,294.30999755859375,293.00898706912574,0.46528108237562615,65536,0,292.9100036621094
2025-04-16,2025-04-17,298.6700134277344,301.1300048828125,299.13242650032083,0.7113834366792651,65536,0,298.9700012207031
2025-04-17,2025-04-18,304.1700134277344,307.3399963378906,304.7552037239032,0.9191696814657973,65536,0,304.5400085449219
2025-04-18,2025-04-19,298.1600036621094,300.5799865722656,298.61160886287587,0.7005681396122898,65536,0,298.45001220703125
2025-04-19,2025-04-20,282.6199951171875,283.19000244140625,282.733913183211,0.16335938159758814,65536,0,282.70001220703125
2025-04-20,2025-04-21,289.67999267578125,291.0899963378906,289.96312594413564,0.40381866797422517,65536,0,289.8800048828125
2025-04-21,2025-04-22,296.20001220703125,298.3900146484375,296.6071084737756,0.6343584115613619,65536,0,296.4599914550781
2025-04-23,2025-04-24,301.07000732421875,303.92999267578125,301.6148400306709,0.8254188996645065,65536,0,301.42999267578125
2025-04-25,2025-04-26,299.3599853515625,302.0199890136719,299.87008118629456,0.7669535210777922,65536,0,299.70001220703125
2025-04-26,2025-04-27,292.1300048828125,293.8500061035156,292.4534760713575,0.4973563757567195,65536,0,292.3399963378906
2025-04-27,2025-04-28,291.239990234375,292.8800048828125,291.54828095436113,0.47425887903364183,65536,0,291.44000244140625
2025-04-28,2025-04-29,304.05999755859375,307.3800048828125,304.68738353252456,0.9593303901945729,65536,0,304.4700012207031
2025-04-29,2025-04-30,286.9700012207031,288.07000732421875,287.18053853511907,0.31725259128932404,65536,0,287.1099853515625
2025-04-30,2025-05-01,294.489990234375,296.5199890136719,294.873154163362,0.5866783633993985,65536,0,294.739990234375
2025-05-02,2025-05-03,295.8900146484375,298.1499938964844,296.3176678419076,0.6528989556702818,65536,0,296.1700134277344
2025-05-03,2025-05-04,289.5299987792969,290.9800109863281,289.81105637550246,0.41742018773795875,65536,0,289.7200012207031
2025-05-04,2025-05-05,294.92999267578125,297.07000732421875,295.3316411972023,0.6189932617835477,65536,0,295.19000244140625
2025-05-05,2025-05-06,295.1400146484375,297.30999755859375,295.55137288570194,0.6267333805337953,65536,0,295.4100036621094
2025-05-06,2025-05-07,299.3699951171875,302.1400146484375,299.89855587482066,0.7992600513151463,65536,0,299.7200012207031
2025-05-07,2025-05-08,296.6000061035156,298.9800109863281,297.0601222515077,0.6854034578196447,65536,0,296.9100036621094
