,Experiment,Date,Pre Post,Plot,Strip,PT Height (mm),evi_mean,ndvi_mean,gndvi_mean,savi_mean,msavi_mean,Total Biomass (kg/ha)
0,Testbed,2024-09-18,Pre,14.1,1,105.445934,1.141262174,0.560975611,0.617693543,0.841383278,0.718725324,2277.159749
1,Testbed,2024-09-18,Pre,14.1,3,149.3161016,1.159144878,0.560490072,0.624551594,0.840654612,0.718326509,3006.111333
2,Testbed,2024-09-18,Pre,14.1,7,119.7058855,1.242723107,0.592521191,0.631194472,0.888696134,0.74410671,3195.389656
3,Testbed,2024-09-18,Pre,14.1,11,111.1924816,1.250599504,0.593850851,0.627519369,0.890691698,0.745154798,2596.838964
4,Testbed,2024-09-18,Pre,14.1,12,100.3142433,1.200681925,0.566883862,0.615491033,0.850244343,0.723556757,2597.932171
5,Testbed,2024-09-18,Pre,14.2,3,147.232558,1.202654481,0.584606707,0.632018626,0.8768273,0.737834096,2290.433997
6,Testbed,2024-09-18,Pre,14.2,4,111.493998,1.210912824,0.580761194,0.626656294,0.871059358,0.734763443,1961.027113
7,Testbed,2024-09-18,Pre,14.2,9,153.0973473,1.323641896,0.607254267,0.636941433,0.910792649,0.755619407,2698.945981
8,Testbed,2024-09-18,Pre,14.2,10,151.63115,1.324358463,0.611975133,0.649820924,0.917873442,0.759263992,2750.610831
9,Testbed,2024-09-18,Pre,14.3,3,121.0555715,1.216558933,0.586819232,0.631237328,0.880142033,0.739593089,2257.953246
10,Testbed,2024-09-18,Pre,14.3,4,136.236078,1.261015058,0.598219454,0.637842119,0.897242367,0.748584628,1924.173737
11,Testbed,2024-09-18,Pre,14.3,9,141.0745292,1.283010721,0.597915411,0.625943303,0.896783233,0.748345673,2785.40748
12,Testbed,2024-09-18,Pre,14.3,10,132.5705847,1.238420129,0.591631472,0.625308156,0.88735795,0.743403614,2336.88242
13,Testbed,2024-09-18,Pre,14.4,3,146.13291,1.226662278,0.586301386,0.630985916,0.87936604,0.739181757,3426.996381
14,Testbed,2024-09-18,Pre,14.4,7,93.349806,1.354185104,0.611588418,0.635773659,0.917290986,0.758965671,2239.415193
15,Testbed,2024-09-18,Pre,14.4,8,141.6988455,1.283777952,0.598002017,0.633912146,0.896913409,0.748413563,2301.768808
16,Testbed,2024-09-18,Pre,14.4,11,125.9726967,1.324216723,0.611266494,0.629165828,0.916808128,0.758717716,2228.456517
17,Testbed,2024-09-18,Pre,14.4,12,147.3744481,1.248750806,0.59350878,0.631941617,0.890175104,0.744884491,1786.026553
18,Testbed,2024-10-02,Pre,14.4,1,149.7565497,1.46221780776977,0.66353291273117,0.65656566619873,0.995176255702972,0.797715425491333,1966.35178
19,Testbed,2024-10-02,Pre,14.4,2,132.1175926,1.46149790287017,0.669485390186309,0.667068779468536,1.00410676002502,0.80200308561325,2363.737362
20,Testbed,2024-10-02,Pre,14.4,3,147.4013459,1.46489238739013,0.66732382774353,0.664452672004699,1.00086236000061,0.80044937133789,1793.32663
21,Testbed,2024-10-02,Pre,14.4,4,122.1911495,1.44676780700683,0.65655106306076,0.656950116157531,0.98470801115036,0.792648375034332,1674.453199
22,Testbed,2024-10-02,Pre,14.4,5,117.3115862,1.40291106700897,0.659708738327026,0.654088079929351,0.989443004131317,0.794945478439331,1549.870261
23,Testbed,2024-10-02,Pre,14.4,6,138.6725646,1.47795975208282,0.664771318435669,0.666006922721862,0.997033715248107,0.798609912395477,1650.350448
24,Testbed,2024-10-02,Pre,14.4,7,99.40330734,1.4777306318283,0.673351049423217,0.663304507732391,1.00990462303161,0.804770827293396,1525.41416
25,Testbed,2024-10-02,Pre,14.4,8,114.4720781,1.52939164638519,0.665757477283477,0.661637425422668,0.99851244688034,0.799321174621582,1652.497687
26,Testbed,2024-10-02,Pre,14.4,9,100.6953313,1.55325615406036,0.678290784358978,0.677466869354248,1.01731121540069,0.808288693428039,1440.743114
27,Testbed,2024-10-02,Pre,14.4,10,113.1721067,1.55795085430145,0.6845703125,0.664656221866607,1.02673017978668,0.812731564044952,1389.798241
28,Testbed,2024-10-02,Pre,14.3,1,122.52944,1.58379793167114,0.68639051914215,0.670329689979553,1.02945888042449,0.814012944698333,1866.776567
29,Testbed,2024-10-02,Pre,14.3,2,133.801682,1.6173061132431,0.725017726421356,0.694592714309692,1.08739817142486,0.840573251247406,1536.682762
30,Testbed,2024-10-02,Pre,14.3,3,118.1523965,1.56980633735656,0.694581270217895,0.680097699165344,1.04174363613128,0.819745957851409,1860.209951
31,Testbed,2024-10-02,Pre,14.3,4,133.5698983,1.54781651496887,0.682261228561401,0.676135003566741,1.02326714992523,0.811101794242858,1808.27557
32,Testbed,2024-10-02,Pre,14.3,5,142.634137,1.53191947937011,0.681513428688049,0.681110858917236,1.02214777469635,0.810573399066925,2172.740081
33,Testbed,2024-10-02,Pre,14.3,6,123.9274358,1.66841983795166,0.696851372718811,0.681257545948028,1.04514944553375,0.821325242519378,2024.200794
34,Testbed,2024-10-02,Pre,14.3,7,142.3127787,1.60344040393829,0.699726581573486,0.684236466884613,1.04945945739746,0.823318898677825,2258.018106
35,Testbed,2024-10-02,Pre,14.3,8,127.6508053,1.54489934444427,0.679601967334747,0.667984187602996,1.01927626132965,0.809218823909759,1901.618667
36,Testbed,2024-10-02,Pre,14.3,9,120.3835664,1.51816856861114,0.679677665233612,0.667500019073486,1.01938819885253,0.809272229671478,1815.406645
37,Testbed,2024-10-02,Pre,14.3,10,125.9368,1.57253539562225,0.700775563716888,0.672736227512359,1.05103194713592,0.824044585227966,2328.062796
38,Testbed,2024-10-02,Pre,14.2,1,106.2054612,1.66367006301879,0.718514919281005,0.692638635635376,1.07764160633087,0.836185097694397,958.8899068
39,Testbed,2024-10-02,Pre,14.2,2,136.2588026,1.61624896526336,0.713740468025207,0.693940103054046,1.07048296928405,0.83294278383255,1834.240141
40,Testbed,2024-10-02,Pre,14.2,3,108.3118481,1.64976370334625,0.702576696872711,0.676655411720275,1.05373573303222,0.825289130210876,2037.728597
41,Testbed,2024-10-02,Pre,14.2,4,123.7409458,1.56727480888366,0.685707151889801,0.665352404117584,1.02843248844146,0.813531875610351,2134.072355
42,Testbed,2024-10-02,Pre,14.2,5,138.3041328,1.57122290134429,0.699975311756134,0.67395532131195,1.04983353614807,0.823491215705871,2042.672979
43,Testbed,2024-10-02,Pre,14.2,6,134.7590785,1.57660293579101,0.685874581336975,0.658389747142791,1.02868068218231,0.813649177551269,1978.430072
44,Testbed,2024-10-02,Pre,14.2,7,121.9530511,1.5785756111145,0.694099366664886,0.66310977935791,1.04101431369781,0.819409132003784,1605.411782
45,Testbed,2024-10-02,Pre,14.2,8,145.2451733,1.51432621479034,0.683718621730804,0.665693402290344,1.02545189857482,0.812130808830261,2007.836753
46,Testbed,2024-10-02,Pre,14.2,9,110.5639672,1.55301344394683,0.689031958580017,0.676991164684295,1.03341996669769,0.815867722034454,1534.123915
47,Testbed,2024-10-02,Pre,14.2,10,123.3526378,1.52971422672271,0.686586320400238,0.669459283351898,1.02974736690521,0.814149737358093,1667.247635
48,Testbed,2024-10-02,Pre,14.1,1,112.5000996,1.67896676063537,0.728353142738342,0.699499189853668,1.09239721298217,0.84281051158905,2402.041493
49,Testbed,2024-10-02,Pre,14.1,2,124.8590049,1.6660805940628,0.711639523506164,0.690064251422882,1.0673257112503,0.831509172916412,1991.938224
50,Testbed,2024-10-02,Pre,14.1,3,123.2522133,1.55164682865142,0.690428733825683,0.677467226982116,1.03551399707794,0.816846132278442,2776.010101
51,Testbed,2024-10-02,Pre,14.1,4,100.4446993,1.61281085014343,0.697645604610443,0.672771692276001,1.0463387966156,0.821876466274261,1818.785841
52,Testbed,2024-10-02,Pre,14.1,5,109.414976,1.64455187320709,0.712893009185791,0.688611268997192,1.0692092180252,0.832364916801452,2317.06237
53,Testbed,2024-10-02,Pre,14.1,6,117.9695906,1.52147305011749,0.691879570484161,0.672418117523193,1.03768813610076,0.81786048412323,2366.488635
54,Testbed,2024-10-02,Pre,14.1,7,121.715071,1.56415748596191,0.69788521528244,0.668480932712554,1.04669606685638,0.822042346000671,1885.804347
55,Testbed,2024-10-02,Pre,14.1,8,127.714553,1.59186375141143,0.705536484718322,0.681236445903778,1.05817508697509,0.827327966690063,2162.835464
56,Testbed,2024-10-02,Pre,14.1,9,116.58768,1.68398058414459,0.715575635433197,0.674008786678314,1.07322883605957,0.834190309047699,2026.90793
57,Testbed,2024-10-02,Pre,14.1,10,86.31531897,1.51709640026092,0.694177210330963,0.670077383518219,1.04113399982452,0.819463849067688,1360.330446
58,Testbed,2024-10-02,Pre,28.1,1,162.7871771,1.60655546188354,0.691819310188293,0.680737495422363,1.03760230541229,0.817819118499755,2696.474665
59,Testbed,2024-10-02,Pre,28.1,2,174.294208,1.58866727352142,0.705181241035461,0.678237974643707,1.05764317512512,0.827083706855773,2740.571289
60,Testbed,2024-10-02,Pre,28.1,3,145.6027824,1.72083055973052,0.743902444839477,0.690307319164276,1.11571764945983,0.85312932729721,2886.367989
61,Testbed,2024-10-02,Pre,28.1,4,159.57392,1.77664363384246,0.733567476272583,0.693627476692199,1.10021317005157,0.84629088640213,3348.035236
62,Testbed,2024-10-02,Pre,28.1,8,159.7090119,1.7335158586502,0.738403022289276,0.698786199092865,1.10746419429779,0.849500179290771,3307.405714
63,Testbed,2024-10-02,Pre,28.1,9,190.05712,1.62615489959716,0.73102593421936,0.699927151203155,1.09640336036682,0.844597101211547,3336.685485
64,Testbed,2024-10-02,Pre,28.1,10,150.5013525,1.72462236881256,0.734297096729278,0.695419132709503,1.10130846500396,0.84677642583847,3499.716099
65,Testbed,2024-10-02,Pre,28.2,1,179.38008,1.76636373996734,0.734162092208862,0.707627117633819,1.10111153125762,0.846687376499176,2734.817495
66,Testbed,2024-10-02,Pre,28.2,2,177.5233982,1.5723727941513,0.688496470451355,0.673717498779296,1.03261804580688,0.815492391586303,2493.664524
67,Testbed,2024-10-02,Pre,28.2,3,180.7378771,1.55833065509796,0.699233710765838,0.679129183292388,1.04872500896453,0.822978317737579,2610.655494
68,Testbed,2024-10-02,Pre,28.2,4,172.5922247,1.83771872520446,0.74188894033432,0.71024066209793,1.11269974708557,0.85180377960205,2012.027887
69,Testbed,2024-10-02,Pre,28.2,5,214.3154333,1.75783503055572,0.737864077091217,0.695878744125366,1.10666179656982,0.849144101142883,2894.165517
70,Testbed,2024-10-02,Pre,28.2,6,204.0396864,1.60217130184173,0.710946798324585,0.687206029891967,1.06629312038421,0.831037044525146,2564.465424
71,Testbed,2024-10-02,Pre,28.2,7,118.4291958,1.76735949516296,0.735678613185882,0.702891767024993,1.10338675975799,0.847695291042327,2048.71804
72,Testbed,2024-10-02,Pre,28.2,8,192.6645934,1.77209413051605,0.751937985420227,0.704052805900573,1.12777042388916,0.858390271663665,3095.472508
73,Testbed,2024-10-02,Pre,28.2,9,255.72624,1.92002403736114,0.765891075134277,0.710104525089263,1.14869892597198,0.867411732673645,2442.827332
74,Testbed,2024-10-02,Pre,28.2,10,161.923168,1.67894899845123,0.738374829292297,0.710258781909942,1.10743224620819,0.849482834339141,2161.641186
75,Testbed,2024-10-02,Pre,28.3,1,185.0732203,1.78354930877685,0.733203053474426,0.688645541667938,1.09967017173767,0.846048712730407,3166.191006
76,Testbed,2024-10-02,Pre,28.3,2,200.4257081,1.79069507122039,0.756215274333953,0.708382248878479,1.1341860294342,0.861171007156372,2664.069006
77,Testbed,2024-10-02,Pre,28.3,3,265.0544411,1.72855675220489,0.734688937664032,0.700522065162658,1.10189998149871,0.847037434577941,3459.664003
78,Testbed,2024-10-02,Pre,28.3,4,151.6199443,1.81823587417602,0.74749207496643,0.698050379753112,1.12110090255737,0.855485379695892,3298.782794
79,Testbed,2024-10-02,Pre,28.3,5,165.6090252,1.88619911670684,0.761437118053436,0.706264495849609,1.14201891422271,0.864547550678253,3168.728028
80,Testbed,2024-10-02,Pre,28.3,6,202.7476,1.76853418350219,0.744224786758422,0.708819389343261,1.11620426177978,0.85334175825119,3144.28606
81,Testbed,2024-10-02,Pre,28.3,7,199.8760877,1.71338546276092,0.734171330928802,0.705586075782775,1.10112881660461,0.846693992614746,2405.169739
82,Testbed,2024-10-02,Pre,28.3,8,199.9221156,1.79075372219085,0.752289175987243,0.702645778656005,1.12829780578613,0.858619153499603,2595.41875
83,Testbed,2024-10-02,Pre,28.3,9,211.1208,1.8596533536911,0.767130076885223,0.711469113826751,1.15055227279663,0.868205308914184,2601.739513
84,Testbed,2024-10-02,Pre,28.3,10,196.56208,1.806285738945,0.753044307231903,0.705283105373382,1.12942898273468,0.859110713005065,2540.071668
85,Testbed,2024-10-02,Pre,28.4,1,238.073792,1.80477118492126,0.758353531360626,0.713544130325317,1.13739252090454,0.862555980682373,3045.882006
86,Testbed,2024-10-02,Pre,28.4,2,261.7647379,1.78543508052825,0.760647177696228,0.716937363147735,1.14083504676818,0.864038169384002,3247.729372
87,Testbed,2024-10-02,Pre,28.4,3,171.9106303,1.81234645843505,0.761670172214508,0.718928813934326,1.14237129688262,0.864698112010955,2644.119538
88,Testbed,2024-10-02,Pre,28.4,5,224.3426611,1.88436830043792,0.766698956489563,0.72007542848587,1.14990925788879,0.867929518222808,2739.127404
89,Testbed,2024-10-02,Pre,28.4,6,184.8515429,1.65066862106323,0.73848009109497,0.703546106815338,1.10758650302886,0.84955209493637,2439.058226
90,Testbed,2024-10-02,Pre,28.4,7,202.8457829,1.66741049289703,0.728491365909576,0.691793918609619,1.09260392189025,0.842902958393096,3740.36485
91,Testbed,2024-10-02,Pre,28.4,8,237.6156053,1.78612852096557,0.751219511032104,0.713603794574737,1.1266918182373,0.857921719551086,3209.493524
92,Testbed,2024-10-02,Pre,28.4,9,164.8293806,1.80502271652221,0.759725987911224,0.699031412601471,1.13944959640502,0.86344301700592,2327.93518
93,Testbed,2024-10-02,Pre,28.4,10,174.844032,1.6380910873413,0.726392269134521,0.695197343826294,1.08945643901824,0.841495990753173,2266.09058
94,Testbed,2024-10-17,Pre,14.1,1,59.33517333,1.35951793193817,0.655956268310546,0.651624143123626,0.983826875686645,0.792216897010803,1543.326879
95,Testbed,2024-10-17,Pre,14.1,2,65.95342519,1.27156853675842,0.638580441474914,0.65625,0.957766413688659,0.779408454895019,1465.039085
96,Testbed,2024-10-17,Pre,14.1,3,64.98986732,1.20435512065887,0.620630145072937,0.655643761157989,0.930844724178314,0.765888214111328,1457.18515
97,Testbed,2024-10-17,Pre,14.1,4,47.78886933,1.19856655597686,0.614171504974365,0.637878119945526,0.921157777309417,0.760949969291687,2064.401984
98,Testbed,2024-10-17,Pre,14.1,5,69.41528,1.07096028327941,0.572492361068725,0.617481410503387,0.858644485473632,0.728106141090393,3026.371086
99,Testbed,2024-10-17,Pre,14.1,6,66.06269463,0.989438354969024,0.534616231918335,0.591284394264221,0.801835656166076,0.696712136268615,1478.082198
100,Testbed,2024-10-17,Pre,14.1,7,44.21501333,1.04032135009765,0.566319227218627,0.62683081626892,0.849392056465148,0.723094940185546,2571.002455
101,Testbed,2024-10-17,Pre,14.1,8,55.9196,0.963002860546112,0.539422690868377,0.609097063541412,0.809046864509582,0.700782299041748,1782.547133
102,Testbed,2024-10-17,Pre,14.1,9,76.34784348,0.937592566013336,0.528479039669036,0.597818970680236,0.792635858058929,0.691480576992034,1996.697991
103,Testbed,2024-10-17,Pre,14.1,11,47.23272552,1.15220844745635,0.591006398200988,0.621916592121124,0.886414706707,0.742908358573913,1796.455345
104,Testbed,2024-10-17,Pre,14.1,12,48.94310979,0.928293704986572,0.522626817226409,0.584665954113006,0.783857703208923,0.686450779438018,1312.208636
105,Testbed,2024-10-17,Pre,14.2,1,54.0903983,1.13130223751068,0.590153336524963,0.633540391921997,0.885134398937225,0.742233633995056,1538.663339
106,Testbed,2024-10-17,Pre,14.2,2,66.2567166,1.28800892829895,0.641497313976287,0.674083769321441,0.962143063545227,0.781577944755554,1439.261787
107,Testbed,2024-10-17,Pre,14.2,3,57.13197787,1.1112858057022,0.599660754203796,0.647881150245666,0.899395763874054,0.749710023403167,1636.087588
108,Testbed,2024-10-17,Pre,14.2,4,57.13197787,1.1112858057022,0.599660754203796,0.647881150245666,0.899395763874054,0.749710023403167,1490.885686
109,Testbed,2024-10-17,Pre,14.2,5,65.38323733,1.02266418933868,0.558537125587463,0.60508131980896,0.837715029716491,0.716717183589935,1376.655393
110,Testbed,2024-10-17,Pre,14.2,6,75.82989333,1.07982575893402,0.572206497192382,0.620565772056579,0.858216285705566,0.727875053882598,1882.594747
111,Testbed,2024-10-17,Pre,14.2,7,46.04776,1.09067225456237,0.577337384223938,0.627111136913299,0.865912735462188,0.732013642787933,1179.379452
112,Testbed,2024-10-17,Pre,14.2,8,47.30013689,0.995767772197723,0.547169804573059,0.598730444908142,0.820664703845977,0.707287728786468,1513.92653
113,Testbed,2024-10-17,Pre,14.2,9,54.71068465,1.01443529129028,0.553919434547424,0.603575408458709,0.83078920841217,0.712903499603271,1308.580191
114,Testbed,2024-10-17,Pre,14.2,10,60.16214439,1.09122014045715,0.572836816310882,0.6281179189682,0.859161078929901,0.728384673595428,1720.613837
115,Testbed,2024-10-17,Pre,14.2,11,46.70515826,1.29128193855285,0.642021656036377,0.650399267673492,0.96292620897293,0.78196632862091,2005.652523
116,Testbed,2024-10-17,Pre,14.2,12,57.868976,1.14307212829589,0.601407825946807,0.62282657623291,0.902012526988983,0.751073241233825,1553.851261
117,Testbed,2024-10-17,Pre,14.3,1,59.62573073,1.03793847560882,0.557930767536163,0.609896183013916,0.836806654930114,0.716217994689941,2214.877947
118,Testbed,2024-10-17,Pre,14.3,2,68.4816166,0.995812177658081,0.547729790210723,0.607915341854095,0.821503698825836,0.707755148410797,1472.870704
119,Testbed,2024-10-17,Pre,14.3,3,55.119856,1.02949702739715,0.557049989700317,0.598251283168792,0.835481345653533,0.715490400791168,1814.549142
120,Testbed,2024-10-17,Pre,14.3,4,35.23057043,1.01501309871673,0.550199031829834,0.611123859882354,0.825207293033599,0.709813714027404,1869.272088
121,Testbed,2024-10-17,Pre,14.3,5,54.29512,1.00281345844268,0.55211329460144,0.606136918067932,0.82807832956314,0.711404979228973,1531.319311
122,Testbed,2024-10-17,Pre,14.3,6,49.25506667,1.04725670814514,0.563699066638946,0.627187073230743,0.84545749425888,0.720953822135925,1223.518442
123,Testbed,2024-10-17,Pre,14.3,7,66.06269463,1.22455084323883,0.623883187770843,0.6563680768013,0.935722827911377,0.768360435962677,1861.895714
124,Testbed,2024-10-17,Pre,14.3,8,60.3367907,0.997170567512512,0.549565613269805,0.604983866214752,0.824256598949432,0.709286034107208,1756.348465
125,Testbed,2024-10-17,Pre,14.3,9,54.35488348,1.01014196872711,0.555307745933532,0.607282757759094,0.832868754863739,0.714051604270935,1777.180402
126,Testbed,2024-10-17,Pre,14.3,10,55.60858844,1.02450513839721,0.571333169937133,0.614083230495452,0.856904447078704,0.72716736793518,1300.475191
127,Testbed,2024-10-17,Pre,14.3,11,43.0519241,1.28268122673034,0.635070025920867,0.633570253849029,0.952495694160461,0.77678644657135,1713.574654
128,Testbed,2024-10-17,Pre,14.3,12,49.77870857,1.08609437942504,0.582539319992065,0.6320840716362,0.873712182044982,0.736181139945983,2023.689866
129,Testbed,2024-10-17,Pre,14.4,1,68.12845787,1.22844099998474,0.629276752471923,0.651448667049408,0.943812906742096,0.772438108921051,1924.911271
130,Testbed,2024-10-17,Pre,14.4,2,71.24802667,1.23798477649688,0.624060153961181,0.658703088760376,0.93599247932434,0.768495619297027,1472.462518
131,Testbed,2024-10-17,Pre,14.4,3,52.63859897,1.18920278549194,0.609160959720611,0.626216769218444,0.913643658161163,0.75709182024002,1187.676201
132,Testbed,2024-10-17,Pre,14.4,4,49.59604279,1.0064537525177,0.54853069782257,0.60128915309906,0.822704493999481,0.708423435688018,2798.8392
133,Testbed,2024-10-17,Pre,14.4,5,63.4172,1.03179144859313,0.556535184383392,0.607191622257232,0.834710717201232,0.715066015720367,1666.202876
134,Testbed,2024-10-17,Pre,14.4,6,46.8612751,1.00168490409851,0.549878895282745,0.602823972702026,0.824727535247802,0.709547281265258,1854.246241
135,Testbed,2024-10-17,Pre,14.4,7,42.65717867,1.06067764759063,0.579672694206237,0.623727321624755,0.869415462017059,0.733888328075408,1695.372941
136,Testbed,2024-10-17,Pre,14.4,8,45.223024,0.985588252544403,0.542596995830535,0.611413061618804,0.813807308673858,0.703455805778503,1718.595236
137,Testbed,2024-10-17,Pre,14.4,9,45.65873358,1.00286185741424,0.545985698699951,0.611913383007049,0.81888997554779,0.706297934055328,2723.871576
138,Testbed,2024-10-17,Pre,14.4,10,53.56741176,1.01690912246704,0.561685502529144,0.62449163198471,0.842436730861663,0.719304323196411,1390.835064
139,Testbed,2024-10-17,Pre,14.4,11,38.86950222,1.30586469173431,0.652039706707,0.67493849992752,0.97795170545578,0.789353132247924,1884.186675
140,Testbed,2024-10-17,Pre,14.4,12,42.39201532,1.07245218753814,0.572704076766967,0.64546263217926,0.858964800834655,0.728278219699859,1901.051731
141,Testbed,2024-10-17,Pre,42.3,1,190.5964896,1.230562329,0.629677415,0.650620759,0.944414556,0.772740066,2904.674345
142,Testbed,2024-10-17,Pre,42.3,2,190.5964896,1.230562329,0.629677415,0.650620759,0.944414556,0.772740066,2902.595911
143,Testbed,2024-10-17,Pre,42.3,3,200.8409523,1.349041939,0.677797079,0.670552671,1.01658535,0.807940662,2739.843607
144,Testbed,2024-10-17,Pre,42.3,4,200.8409523,1.349041939,0.677797079,0.670552671,1.01658535,0.807940662,3328.429215
145,Testbed,2024-10-17,Pre,42.3,5,111.90168,1.295698404,0.655339777,0.665630579,0.982901275,0.791766882,2922.846983
146,Testbed,2024-10-17,Pre,42.3,6,151.058957,1.419225454,0.708006978,0.705039084,1.061894894,0.82902652,2352.726322
147,Testbed,2024-10-17,Pre,42.3,7,144.741168,1.448970675,0.713854134,0.708324373,1.070665717,0.833021998,2205.949194
148,Testbed,2024-10-17,Pre,42.3,8,149.13976,1.428957343,0.697275937,0.682124972,1.045799017,0.821622252,2386.289489
149,Testbed,2024-10-17,Pre,42.3,9,177.7916996,1.377959728,0.678055167,0.677687764,1.016971469,0.808123827,2274.691913
150,Testbed,2024-10-17,Pre,42.3,10,149.7327075,1.548884392,0.728111625,0.719211817,1.092044592,0.842650115,2332.847967
151,Testbed,2024-10-17,Pre,42.3,11,169.7901265,1.613041043,0.744252264,0.713855445,1.116256118,0.85336113,3021.183912
152,Testbed,2024-10-17,Pre,42.3,12,167.9254133,1.559503675,0.727950871,0.704761922,1.091806531,0.842542827,2730.416035
153,Testbed,2024-10-17,Pre,42.3,13,148.0640174,1.462306976,0.697876036,0.685456097,1.046700597,0.822039008,3056.245228
154,Testbed,2024-10-17,Pre,42.3,14,158.6214188,1.593927026,0.73785311,0.713076413,1.106654644,0.849138081,2889.0054
155,Testbed,2024-10-17,Pre,42.3,15,174.8177106,1.616171002,0.750539482,0.720466614,1.125687718,0.85747999,3057.964483
156,Testbed,2024-10-17,Pre,42.3,16,146.39064,1.603042603,0.738732874,0.710064232,1.107978702,0.849721074,2821.613541
157,Testbed,2024-10-17,Pre,42.3,18,212.36952,1.589029431,0.742723823,0.709304869,1.113962054,0.852355182,3550.58602
158,Testbed,2024-10-17,Pre,42.3,19,181.2128267,1.589539051,0.743923604,0.719666183,1.11576438,0.853145182,3075.585238
159,Testbed,2024-10-17,Pre,42.3,20,181.2128267,1.589539051,0.743923604,0.719666183,1.11576438,0.853145182,2942.027929
160,Testbed,2024-10-17,Pre,42.3,21,182.9377647,1.475260973,0.719982266,0.703378677,1.079853773,0.83717978,2656.154248
161,Testbed,2024-10-17,Pre,42.3,22,200.37336,1.745663524,0.758877695,0.721518993,1.138191819,0.862896502,3634.43233
162,Testbed,2024-10-17,Pre,42.2,1,188.8929079,1.30229306221008,0.64667534828186,0.659658372402191,0.969907641410827,0.785409271717071,3384.731279
163,Testbed,2024-10-17,Pre,42.2,3,217.86776,1.30954360961914,0.660298109054565,0.678624510765075,0.990343213081359,0.795376479625701,3014.166794
164,Testbed,2024-10-17,Pre,42.2,4,203.6639733,1.35133981704711,0.66617739200592,0.679205417633056,0.99916136264801,0.799627482891082,2516.729415
165,Testbed,2024-10-17,Pre,42.2,5,154.757527,1.37887048721313,0.675209999084472,0.676654458045959,1.01270592212677,0.806099712848663,2432.448264
166,Testbed,2024-10-17,Pre,42.2,6,182.5065302,1.4534728527069,0.705793678760528,0.687619864940643,1.05857646465301,0.827507257461547,3284.780479
167,Testbed,2024-10-17,Pre,42.2,7,170.6236237,1.56264531612396,0.725388586521148,0.692861676216125,1.08796548843383,0.84082406759262,2725.949836
168,Testbed,2024-10-17,Pre,42.2,8,133.89464,1.48798847198486,0.701606094837188,0.697659730911254,1.05229794979095,0.824621856212616,1996.56081
169,Testbed,2024-10-17,Pre,42.2,9,221.3176361,1.40184044837951,0.685157418251037,0.692043006420135,1.02762603759765,0.813147962093353,3811.300177
170,Testbed,2024-10-17,Pre,42.2,10,167.1493012,1.58520412445068,0.738037467002868,0.693233072757721,1.10693418979644,0.849260568618774,2079.807738
171,Testbed,2024-10-17,Pre,42.2,11,168.3836,1.55065882205963,0.727873742580413,0.692147016525268,1.09169423580169,0.842491626739502,3226.262153
172,Testbed,2024-10-17,Pre,42.2,12,190.5801985,1.44019305706024,0.714095771312713,0.699780225753784,1.07102489471435,0.833186089992523,3245.280075
173,Testbed,2024-10-17,Pre,42.2,13,203.87224,1.39959609508514,0.689148306846618,0.697957396507263,1.03361070156097,0.815952122211456,3628.070391
174,Testbed,2024-10-17,Pre,42.2,14,186.6684447,1.61216235160827,0.748081862926483,0.70448875427246,1.12200319766998,0.855873763561248,3399.888481
175,Testbed,2024-10-17,Pre,42.2,15,221.2512923,1.52279686927795,0.724078834056854,0.687211751937866,1.08600187301635,0.839943528175354,3192.87718
176,Testbed,2024-10-17,Pre,42.2,16,197.5665662,1.57439446449279,0.741140186786651,0.702539801597595,1.11158800125122,0.851311445236206,2622.498798
177,Testbed,2024-10-17,Pre,42.2,17,181.7993056,1.51864755153656,0.713022351264953,0.691333770751953,1.06941533088684,0.832454919815063,3076.045047
178,Testbed,2024-10-17,Pre,42.2,18,196.9389755,1.5709410905838,0.730659008026123,0.692606151103973,1.09586775302886,0.844354152679443,3749.937837
179,Testbed,2024-10-17,Pre,42.2,19,179.38008,1.43045079708099,0.707592189311981,0.689632952213287,1.06127321720123,0.828742146492004,2754.880108
180,Testbed,2024-10-17,Pre,42.2,20,218.3356953,1.6173391342163,0.744904696941375,0.70529019832611,1.11723458766937,0.853789925575256,3365.988677
181,Testbed,2024-10-17,Pre,42.2,21,208.9859877,1.58242392539978,0.731092453002929,0.703590869903564,1.09651744365692,0.844643414020538,3056.273766
182,Testbed,2024-10-17,Pre,42.2,22,229.1324468,1.60831618309021,0.741614341735839,0.711976170539856,1.1123012304306,0.851624429225921,3387.453098
183,Testbed,2024-10-17,Pre,42.4,1,172.9256243,1.41145134,0.68328321,0.668939054,1.024814725,0.811826289,3029.63564
184,Testbed,2024-10-17,Pre,42.4,4,141.299677,1.433433533,0.70423454,0.6787166,1.056237102,0.826434314,2642.257735
185,Testbed,2024-10-17,Pre,42.4,5,132.5889355,1.394196749,0.674080431,0.664469481,1.011012554,0.805294216,3476.154588
186,Testbed,2024-10-17,Pre,42.4,6,143.4660443,1.525508761,0.719698608,0.706472993,1.079431653,0.836988449,2789.518384
187,Testbed,2024-10-17,Pre,42.4,9,178.0709752,1.397385716,0.674898028,0.66275847,1.012238383,0.805877388,3515.907201
188,Testbed,2024-10-17,Pre,42.4,12,209.713067,1.608464599,0.726221085,0.705396831,1.089214921,0.841383278,3187.569004
189,Testbed,2024-10-17,Pre,42.4,14,225.36536,1.413222432,0.704231441,0.695810974,1.056233168,0.826432288,3364.531547
190,Testbed,2024-10-17,Pre,42.4,15,181.2128267,1.333022714,0.682498395,0.675593972,1.02363658,0.811271846,2659.388208
191,Testbed,2024-10-17,Pre,42.4,18,191.9649404,1.350340366,0.693203866,0.685205042,1.039693713,0.818788409,2885.747514
192,Testbed,2024-10-17,Pre,42.4,19,194.4086027,1.324335575,0.677213848,0.673659682,1.015712976,0.807526529,2504.984404
193,Testbed,2024-10-17,Pre,42.4,22,145.1688089,1.353863239,0.676728725,0.675652564,1.014984488,0.807181358,2327.172432
194,Testbed,2024-10-17,Pre,42.1,1,142.9981089,1.57112813,0.730810106,0.716213346,1.096098661,0.8444556,3028.567727
195,Testbed,2024-10-17,Pre,42.1,2,142.9981089,1.57112813,0.730810106,0.716213346,1.096098661,0.8444556,2599.287082
196,Testbed,2024-10-17,Pre,42.1,4,100.1137867,1.47415638,0.714640737,0.714995861,1.071850061,0.833558142,2315.080233
197,Testbed,2024-10-17,Pre,42.1,5,127.3385991,1.507145405,0.716803014,0.709987462,1.07509172,0.835027158,2280.636525
198,Testbed,2024-10-17,Pre,42.1,6,112.2294439,1.51061511,0.723913014,0.716078758,1.085751534,0.83983171,2162.196308
199,Testbed,2024-10-17,Pre,42.1,7,154.638,1.339225292,0.682396054,0.695916593,1.023483753,0.811199665,2640.661272
200,Testbed,2024-10-17,Pre,42.1,8,189.5212782,1.519841313,0.724311829,0.713868022,1.08635366,0.840100646,2817.043925
201,Testbed,2024-10-17,Pre,42.1,9,191.75112,1.339308023,0.677991152,0.691554964,1.016879439,0.808079064,2471.660028
202,Testbed,2024-10-17,Pre,42.1,10,243.3105961,1.459946036,0.716542184,0.694836676,1.074698567,0.834849775,3090.163943
203,Testbed,2024-10-17,Pre,42.1,11,209.070576,1.341503024,0.681649506,0.68512398,1.022368789,0.8106727,3036.105182
204,Testbed,2024-10-17,Pre,42.1,12,205.9549067,1.461325526,0.719029367,0.71610707,1.078429341,0.836535811,3460.612785
205,Testbed,2024-10-17,Pre,42.1,13,181.5315652,1.389740944,0.6996997,0.703353405,1.049437046,0.823303223,2401.397439
206,Testbed,2024-10-17,Pre,42.1,14,177.9735535,1.475431204,0.717128932,0.697007716,1.075579524,0.835248113,2662.671786
207,Testbed,2024-10-17,Pre,42.1,15,183.8002337,1.365096807,0.67340982,0.682885885,1.010009408,0.804815888,2760.931792
208,Testbed,2024-10-17,Pre,42.1,17,115.3899251,1.3482306,0.686548233,0.69155705,1.029713392,0.814126968,2013.176085
209,Testbed,2024-10-17,Pre,42.1,18,160.2462048,1.466116428,0.715193868,0.706514835,1.072677135,0.833933949,2630.613437
210,Testbed,2024-10-17,Pre,42.1,19,165.5035695,1.347432017,0.658094406,0.670773149,0.987037599,0.79377526,3007.740706
211,Testbed,2024-10-17,Pre,42.1,20,173.88184,1.399413109,0.687804878,0.688162923,1.031597972,0.815009952,2078.256531
212,Testbed,2024-10-17,Pre,42.1,21,144.7075053,1.344466925,0.676570475,0.679421782,1.014747977,0.807068884,2504.832629
213,Testbed,2024-10-17,Pre,42.1,22,174.8177106,1.404168844,0.691586792,0.681202352,1.037269711,0.817659378,2584.946897
214,Testbed,2024-10-30,Pre,28.1,1,31.85301649,1.1936662197113,0.452307701110839,0.472986161708831,0.67839628458023,0.622850239276886,1515.884089
215,Testbed,2024-10-30,Pre,28.1,2,31.85301649,1.1936662197113,0.452307701110839,0.472986161708831,0.67839628458023,0.622850239276886,1324.253817
216,Testbed,2024-10-30,Pre,28.1,3,19.15532667,1.15434896945953,0.440352886915206,0.477764666080474,0.660466015338897,0.611419737339019,1082.188244
217,Testbed,2024-10-30,Pre,28.1,4,36.90202686,1.18959295749664,0.447651386260986,0.484045624732971,0.671413779258728,0.618421137332916,1685.270346
218,Testbed,2024-10-30,Pre,28.1,5,32.46289484,1.11772489547729,0.428014814853668,0.460159361362457,0.64195966720581,0.599421560764312,1070.149881
219,Testbed,2024-10-31,Pre,28.1,6,33.76017543,1.1101644039154,0.428682029247283,0.462651073932647,0.642960786819458,0.600075840950012,1185.747468
220,Testbed,2024-10-31,Pre,28.1,7,31.33160919,1.08676290512084,0.422256380319595,0.463897138833999,0.633323729038238,0.593751192092895,1495.113671
221,Testbed,2024-10-31,Pre,28.1,8,32.17076824,1.09384644031524,0.420324236154556,0.454545468091964,0.63042402267456,0.591837227344512,1091.542657
222,Testbed,2024-10-31,Pre,28.1,9,28.18752316,1.1311672925949,0.433846145868301,0.457958549261093,0.650706648826599,0.605118155479431,1126.726456
223,Testbed,2024-10-31,Pre,28.1,11,22.53059032,1.0517144203186,0.426389157772064,0.466431081295013,0.639522671699523,0.59782588481903,1673.141575
224,Testbed,2024-10-31,Pre,28.1,12,29.38122,1.12868654727935,0.432369023561477,0.463258773088455,0.648490190505981,0.603679120540618,1405.493011
225,Testbed,2024-10-31,Pre,28.1,13,31.70203507,1.13037157058715,0.427394032478332,0.459470301866531,0.64102816581726,0.598812162876129,1395.245953
226,Testbed,2024-11-01,Pre,28.1,14,31.70203507,1.13037157058715,0.427394032478332,0.459470301866531,0.64102816581726,0.598812162876129,1183.326947
227,Testbed,2024-11-01,Pre,28.1,15,35.60777164,1.15643489360809,0.438515067100524,0.464278697967529,0.657709062099456,0.609645426273346,1176.69104
228,Testbed,2024-11-01,Pre,28.1,16,35.60777164,1.15643489360809,0.438515067100524,0.464278697967529,0.657709062099456,0.609645426273346,1145.2905
229,Testbed,2024-11-01,Pre,28.1,17,18.48887333,1.06021440029144,0.424573510885238,0.453834116458892,0.636799216270446,0.59603863954544,1189.968258
230,Testbed,2024-11-01,Pre,28.1,18,31.52391647,1.15643489360809,0.438515067100524,0.464278697967529,0.657709062099456,0.609645426273346,1366.056579
231,Testbed,2024-11-01,Pre,28.1,19,44.9323861,1.114963889122,0.439630270004272,0.465307712554931,0.659381926059722,0.610722601413726,1450.519524
232,Testbed,2024-11-01,Pre,28.1,20,44.9323861,1.114963889122,0.439630270004272,0.465307712554931,0.659381926059722,0.610722601413726,1537.248322
233,Testbed,2024-11-01,Pre,28.1,22,32.17076824,1.12495017051696,0.434063822031021,0.463318943977355,0.651033163070678,0.605329930782318,1287.93377
234,Testbed,2024-11-01,Pre,28.2,1,39.52279073,1.19460296630859,0.452793061733245,0.469850748777389,0.679122805595398,0.623309671878814,1785.515525
235,Testbed,2024-11-01,Pre,28.2,2,36.68124811,1.1177932024002,0.432583183050155,0.460105866193771,0.648812413215637,0.603888392448425,1660.988677
236,Testbed,2024-11-01,Pre,28.2,3,36.48311333,1.17688024044036,0.444736838340759,0.476089864969253,0.667042553424835,0.615634083747863,1411.04439
237,Testbed,2024-11-01,Pre,28.2,4,29.71604872,1.15901744365692,0.442237228155136,0.469443887472152,0.663291871547699,0.613233864307403,1725.209111
238,Testbed,2024-11-01,Pre,28.2,5,40.88170533,1.13465476036071,0.44847548007965,0.474656194448471,0.672648310661315,0.619206547737121,1822.828314
239,Testbed,2024-11-01,Pre,28.2,6,41.06498,1.1150974035263,0.4407819211483,0.471232891082763,0.661109507083892,0.611833274364471,1749.699177
240,Testbed,2024-11-01,Pre,28.2,7,51.57632118,1.17688024044036,0.444736838340759,0.476089864969253,0.667042553424835,0.615634083747863,1347.371397
241,Testbed,2024-11-01,Pre,28.2,8,30.50257158,1.15901744365692,0.442237228155136,0.469443887472152,0.663291871547699,0.613233864307403,1797.248952
242,Testbed,2024-11-01,Pre,28.2,9,36.01014645,1.18818342685699,0.452877074480056,0.482059270143508,0.679250717163085,0.623390138149261,1477.430219
243,Testbed,2024-11-01,Pre,28.2,10,34.11132353,1.2068612575531,0.449037909507751,0.482073277235031,0.673492729663848,0.61974287033081,1988.01117
244,Testbed,2024-11-01,Pre,28.2,11,28.51464957,1.0626755952835,0.426184922456741,0.459062010049819,0.639215290546417,0.597624540328979,1476.094168
245,Testbed,2024-11-01,Pre,28.2,12,26.95283067,1.25316452980041,0.45482388138771,0.482059270143508,0.682170569896698,0.625232338905334,1392.129263
246,Testbed,2024-11-01,Pre,28.2,13,32.48439333,1.18171954154968,0.457879662513732,0.488880217075347,0.686753869056701,0.62811404466629,1380.523086
247,Testbed,2024-11-01,Pre,28.2,14,36.29019263,1.15580654144287,0.444209724664688,0.474220752716064,0.666250586509704,0.615128099918365,1657.586329
248,Testbed,2024-11-01,Pre,28.2,15,35.56674,1.17976379394531,0.445255488157272,0.478482991456985,0.667819082736969,0.616130173206329,1207.347134
249,Testbed,2024-11-01,Pre,28.2,16,21.82114,1.19383442401885,0.455594003200531,0.485288351774215,0.683325350284576,0.625959575176239,1180.663437
250,Testbed,2024-11-01,Pre,28.2,17,42.62529135,1.19597995281219,0.457340508699417,0.48356807231903,0.685944855213165,0.627606332302093,1197.197245
251,Testbed,2024-11-01,Pre,28.2,18,41.13203171,1.20794796943664,0.454406410455703,0.483040928840637,0.681544482707977,0.624837756156921,1366.41877
252,Testbed,2024-11-01,Pre,28.2,19,31.75344452,1.21537220478057,0.46093600988388,0.484183967113494,0.691338002681732,0.630984187126159,1572.602032
253,Testbed,2024-11-01,Pre,28.2,20,30.23021294,1.24444913864135,0.459048360586166,0.484229326248168,0.688505411148071,0.629212319850921,1444.039324
254,Testbed,2024-11-01,Pre,28.2,21,51.61805355,1.31113481521606,0.477956891059875,0.494207739830017,0.716865718364715,0.646750509738922,1414.287029
255,Testbed,2024-11-01,Pre,28.2,22,41.45771143,1.24456238746643,0.457845419645309,0.485975742340087,0.686701118946075,0.628081202507019,1556.769606
256,Testbed,2024-11-01,Pre,28.3,1,21.17428824,1.26825761795043,0.475144505500793,0.495020508766174,0.712648093700408,0.644170701503753,1388.610904
257,Testbed,2024-11-01,Pre,28.3,2,20.35494267,1.32732796669006,0.475320637226104,0.487460821866989,0.712911665439605,0.644332289695739,1310.274074
258,Testbed,2024-11-01,Pre,28.3,3,26.89643846,1.07001256942749,0.429959207773208,0.466427564620971,0.644876182079315,0.60132610797882,1316.514566
259,Testbed,2024-11-01,Pre,28.3,4,44.52355032,1.20890057086944,0.444123864173889,0.464404135942459,0.6661217212677,0.615045726299285,1668.594743
260,Testbed,2024-11-01,Pre,28.3,5,40.14860667,1.18308126926422,0.447276949882507,0.464243859052658,0.67085063457489,0.61806297302246,1634.528469
261,Testbed,2024-11-01,Pre,28.3,6,30.98487333,1.15714430809021,0.448849350214004,0.473642796277999,0.673208951950073,0.619562745094299,1088.744013
262,Testbed,2024-11-01,Pre,28.3,7,42.99954593,1.20680463314056,0.443117290735244,0.469298243522644,0.664610862731933,0.614079117774963,1139.118246
263,Testbed,2024-11-01,Pre,28.3,8,41.14828667,1.20330870151519,0.448516577482223,0.468160390853881,0.672709643840789,0.619245529174804,1161.303428
264,Testbed,2024-11-01,Pre,28.3,9,34.75817529,1.21712255477905,0.449932217597961,0.467267751693725,0.674832940101623,0.620593726634979,1582.872728
265,Testbed,2024-11-01,Pre,28.3,10,30.618324,1.13898468017578,0.447955042123794,0.475409835577011,0.671867430210113,0.618710041046142,1899.482198
266,Testbed,2024-11-01,Pre,28.3,11,28.91564323,1.23411297798156,0.450224041938781,0.475812852382659,0.67527025938034,0.620871126651763,1678.706546
267,Testbed,2024-11-01,Pre,28.3,12,39.18400316,1.15126979351043,0.445885777473449,0.470368176698684,0.668763935565948,0.616733193397522,1290.919737
268,Testbed,2024-11-01,Pre,28.3,13,40.26684839,1.21783137321472,0.443529397249221,0.466241776943206,0.665228903293609,0.614474773406982,1525.340368
269,Testbed,2024-11-01,Pre,28.3,14,36.86895474,1.21549785137176,0.457307696342468,0.48471787571907,0.685895562171936,0.627575397491455,1544.565477
270,Testbed,2024-11-01,Pre,28.3,15,51.81154,1.09849202632904,0.440726041793823,0.483644872903823,0.661026537418365,0.611779868602752,1094.17976
271,Testbed,2024-11-01,Pre,28.3,16,35.87219778,1.18185472488403,0.452793836593627,0.478721320629119,0.679125308990478,0.623311042785644,1096.167225
272,Testbed,2024-11-01,Pre,28.3,17,25.59136171,1.1846387386322,0.434367537498474,0.461990684270858,0.65148651599884,0.605624139308929,1135.644491
273,Testbed,2024-11-01,Pre,28.3,18,35.64528629,1.25572919845581,0.467338621616363,0.48693773150444,0.700940012931823,0.636957585811615,1097.799916
274,Testbed,2024-11-01,Pre,28.3,19,48.94579067,1.18832767009735,0.458120614290237,0.489953637123107,0.687115967273712,0.628341078758239,1480.68551
275,Testbed,2024-11-01,Pre,28.3,20,34.19218,1.2716702222824,0.467729389667511,0.484467178583145,0.701525926589965,0.637320399284362,1225.297209
276,Testbed,2024-11-01,Pre,28.3,21,31.75344452,1.13704895973205,0.435223877429962,0.467046380043029,0.65277087688446,0.606456100940704,1128.840644
277,Testbed,2024-11-01,Pre,28.3,22,34.59124581,1.1864069700241,0.459584295749664,0.486475884914398,0.689310133457183,0.629716098308563,1338.209794
278,Testbed,2024-11-01,Pre,28.4,1,47.69521059,1.23845767974853,0.465040951967239,0.488003104925155,0.697494983673095,0.634820282459259,1403.46621
279,Testbed,2024-11-01,Pre,28.4,2,39.86664564,1.25181567668914,0.471013069152832,0.486977100372314,0.706450641155242,0.640362203121185,1341.71626
280,Testbed,2024-11-01,Pre,28.4,3,48.59517826,1.19204306602478,0.463282316923141,0.477019369602203,0.694856166839599,0.633179008960723,1331.691891
281,Testbed,2024-11-01,Pre,28.4,4,38.98637707,1.21720337867736,0.462470680475235,0.483640700578689,0.693638205528259,0.632420122623443,1189.605427
282,Testbed,2024-11-01,Pre,28.4,5,47.88687037,1.20528376102447,0.455959558486938,0.475467979907989,0.683872878551483,0.62630420923233,1307.531705
283,Testbed,2024-11-01,Pre,28.4,6,37.4290471,1.20904755592346,0.461478888988494,0.474033594131469,0.692151367664337,0.631492376327514,1866.559249
284,Testbed,2024-11-01,Pre,28.4,7,31.717972,1.18279027938842,0.451569408178329,0.475724339485168,0.677288889884948,0.622149765491485,1388.427111
285,Testbed,2024-11-01,Pre,28.4,8,29.62509355,1.18550670146942,0.463665843009948,0.484045624732971,0.695432424545288,0.633537650108337,1288.747217
286,Testbed,2024-11-01,Pre,28.4,9,38.60524105,1.162651181221,0.450949966907501,0.474098891019821,0.676359415054321,0.621561288833618,1254.769923
287,Testbed,2024-11-01,Pre,28.4,10,26.219732,1.22193872928619,0.458900183439254,0.483343064785003,0.688284337520599,0.629073619842529,1201.29036
288,Testbed,2024-11-01,Pre,28.4,11,38.05403905,1.18271458148956,0.452028453350067,0.474136263132095,0.677977502346038,0.622585415840148,1334.56468
289,Testbed,2024-11-01,Pre,28.4,12,35.49243946,1.23483037948608,0.460808992385864,0.479419827461242,0.691146612167358,0.630864739418029,1169.120106
290,Testbed,2024-11-01,Pre,28.4,13,55.81026,1.1348717212677,0.444314628839492,0.467748314142227,0.666407108306884,0.615228295326232,1377.023848
291,Testbed,2024-11-01,Pre,28.4,14,44.50138,1.1896880865097,0.454754590988159,0.470257699489593,0.68206650018692,0.625166773796081,1345.235925
292,Testbed,2024-11-01,Pre,28.4,15,34.85400519,1.15566039085388,0.448683708906173,0.467723220586776,0.672961354255676,0.619405329227447,1344.309499
293,Testbed,2024-11-01,Pre,28.4,16,40.02221034,1.188206076622,0.44951969385147,0.46764588356018,0.674213469028472,0.620200753211975,1396.72578
294,Testbed,2024-11-01,Pre,28.4,17,40.97629871,1.06269776821136,0.43157485127449,0.463773876428604,0.647299289703369,0.602904617786407,1595.311584
295,Testbed,2024-11-01,Pre,28.4,18,34.87946,1.15361320972442,0.444055944681167,0.458791196346282,0.666019201278686,0.614980280399322,1663.268656
296,Testbed,2024-11-01,Pre,28.4,19,40.84207838,1.09991240501403,0.435176253318786,0.460497945547103,0.652701556682586,0.606410920619964,1356.823129
297,Testbed,2024-11-01,Pre,28.4,20,41.14828667,1.0963784456253,0.4351924657821649,0.460139870643615,0.652724623680114,0.606426000595092,1431.214846
298,Testbed,2024-11-01,Pre,28.4,21,44.62865407,1.02293181419372,0.422257006168365,0.458483755588531,0.633323550224304,0.593751192092895,1476.081167
299,Testbed,2024-11-01,Pre,28.4,22,39.53769111,1.12664806842803,0.438058257102966,0.459885656833648,0.657023608684539,0.60920363664627,1893.921062
300,SHTFG,8/24/2018,Pre,121_1,12,33.0,1.713260293006897,0.5842817425727844,0.5938647389411926,0.8763285279273987,0.7375720143318176,1247.0
301,SHTFG,8/10/2018,Pre,214_1,8,58.0,1.302243709564209,0.6332905292510986,0.6697287559509277,0.9498342275619508,0.7754552960395813,2172.0
302,SHTFG,8/10/2018,Pre,211_2,2,47.0,1.2885327339172363,0.6115237474441528,0.6524348258972168,0.9171823859214784,0.758912981,1775.0
303,SHTFG,8/24/2018,Pre,121_1,10,32.0,1.597831368,0.5565457344055176,0.5712143778800964,0.8347300291061401,0.7150758504867554,1175.0
304,SHTFG,8/24/2018,Pre,211_1,6,57.0,1.633256912231445,0.5858782529830933,0.601837695,0.8787222504615784,0.738842785,2109.0
305,SHTFG,8/10/2018,Pre,214_1,9,33.0,1.1688026189804075,0.5708467364311218,0.626998246,0.856178343,0.7267742156982422,1192.0
306,SHTFG,8/10/2018,Pre,214_1,4,56.0,1.3288493156433103,0.6412280797958374,0.6690455079078674,0.9617366790771484,0.7813774943351746,2036.0
307,SHTFG,8/10/2018,Pre,211_2,8,99.0,1.477460265159607,0.680672288,0.7045454382896423,1.0209063291549685,0.8099817037582397,3551.0
308,SHTFG,8/10/2018,Pre,121_1,4,55.0,1.183321475982666,0.5918185710906982,0.6403207182884216,0.8876292109489441,0.7435488104820251,1970.0
309,SHTFG,8/24/2018,Pre,211_1,11,40.0,1.6096529960632324,0.5730735063552856,0.5832404494285583,0.8595151305198669,0.7285757660865784,1435.0
310,SHTFG,8/24/2018,Pre,121_2,8,35.0,1.6281406879425049,0.5704225301742554,0.5829636454582214,0.8555396795272827,0.7264295220375061,1214.0
311,SHTFG,8/24/2018,Pre,211_2,3,67.0,1.8753187656402588,0.6305186748504639,0.6245996356010437,0.9456766247749328,0.7733733654022217,2321.0
312,SHTFG,8/24/2018,Pre,211_2,10,39.0,1.7299736738204956,0.5922746658325195,0.6140961647033691,0.8883166909217834,0.7439096570014954,1341.0
313,SHTFG,11/7/2018,Pre,111_2,7,81.0,1.620055913925171,0.6702479124069214,0.6827643513679504,1.005268096923828,0.8025533556938171,2787.0
314,SHTFG,8/10/2018,Pre,121_2,10,62.0,1.3432226181030271,0.6500548720359802,0.6821843981742859,0.974975287914276,0.7878968715667725,2127.0
315,SHTFG,8/10/2018,Pre,214_2,1,103.0,1.5414440631866455,0.7068352699279785,0.7218015193939209,1.0601481199264526,0.8282243013381958,3524.0
316,SHTFG,8/10/2018,Pre,211_2,1,28.0,1.2104113101959229,0.5760069489479065,0.632204533,0.8639168739318848,0.7309430241584778,955.0
317,SHTFG,8/10/2018,Pre,211_1,9,40.0,1.3716732263565063,0.6336949467658997,0.6706547737121582,0.9504413604736328,0.7757586240768433,1325.0
318,SHTFG,8/10/2018,Pre,214_1,10,36.0,1.280594825744629,0.6021715402603149,0.6424754858016968,0.9031592607498168,0.7516689300537109,1172.0
319,SHTFG,8/24/2018,Pre,121_1,5,40.0,1.5279769897460938,0.5513373613357544,0.5733975172042847,0.8269168734550476,0.7107611894607544,1291.0
320,SHTFG,8/24/2018,Pre,211_1,7,54.0,1.6359223127365112,0.590709925,0.5973597168922424,0.8859677910804749,0.742673397,1738.0
321,SHTFG,8/10/2018,Pre,111_2,3,97.0,1.4530571699142456,0.6797122955322266,0.7101012468338013,1.0194605588912964,0.8093004822731018,3092.0
322,SHTFG,8/24/2018,Pre,111_2,6,103.0,1.800025224685669,0.606990635,0.6155988574028015,0.9103889465332032,0.7554131746292114,3285.0
323,SHTFG,8/10/2018,Pre,211_1,6,50.0,1.297149896621704,0.6208915114402771,0.6578401923179626,0.9312323927879332,0.766086221,1585.0
324,SHTFG,8/10/2018,Pre,214_1,5,58.0,1.3243143558502195,0.6294838190078735,0.6614629626274109,0.9441224932670592,0.7725938558578491,1832.0
325,SHTFG,8/10/2018,Pre,214_1,12,29.0,1.145664930343628,0.5665895342826843,0.6225757002830505,0.849794865,0.7233145236968994,918.0
326,SHTFG,8/24/2018,Pre,211_2,4,93.0,1.7967263460159302,0.6221441030502319,0.6207199096679688,0.933113694,0.7670397162437439,2963.0
327,SHTFG,11/7/2018,Pre,111_1,8,72.0,1.2949529886245728,0.578370988,0.6125873923301697,0.8674575090408325,0.7328424453735352,2242.0
328,SHTFG,8/24/2018,Pre,111_2,5,103.0,1.8204426765441892,0.62165606,0.6226896047592163,0.9323850870132446,0.7666694521903992,3237.0
329,SHTFG,8/10/2018,Pre,111_2,1,56.0,1.3434770107269287,0.6296963095664978,0.6637574434280396,0.9444382190704346,0.7727532386779785,1756.0
330,SHTFG,8/24/2018,Pre,121_2,6,92.0,1.7079020738601685,0.5973510146141052,0.6069287061691284,0.8959276080131531,0.7479009628295898,2860.0
331,SHTFG,8/10/2018,Pre,211_2,10,28.0,1.1153746843338013,0.5557464957237244,0.6223118305206299,0.8335302472114563,0.7144153714179993,877.0
332,SHTFG,8/10/2018,Pre,211_1,2,28.0,1.1083223819732666,0.5533084273338318,0.6165637373924255,0.829871416,0.7123966813087463,863.0
333,SHTFG,8/10/2018,Pre,121_1,12,28.0,1.1742746829986572,0.5525906085968018,0.5999083518981934,0.8287937641143799,0.7118010520935059,858.0
334,SHTFG,8/10/2018,Pre,121_1,3,33.0,1.071142315864563,0.5332446694374084,0.5910763740539551,0.799778402,0.6955461502075195,1009.0
335,SHTFG,8/10/2018,Pre,211_2,7,96.0,1.4774233102798462,0.6923395395278931,0.7089692950248718,1.0384018421173096,0.8181858658790588,2904.0
336,SHTFG,8/24/2018,Pre,211_1,5,58.0,1.7187092304229736,0.5871457457542419,0.6043311357498169,0.8806203007698059,0.7398492097854614,1750.0
337,SHTFG,8/10/2018,Pre,214_1,7,63.0,1.3204256296157837,0.6372053623199463,0.6713211536407471,0.955707550048828,0.7783839702606201,1903.0
338,SHTFG,8/10/2018,Pre,121_1,8,55.0,1.1637852191925049,0.5777219533920288,0.6386913061141968,0.8664841055870056,0.7323212027549744,1656.0
339,SHTFG,8/10/2018,Pre,214_2,10,40.0,1.301608920097351,0.6228106021881104,0.6638128757476807,0.934120774,0.7675479054450989,1199.0
340,SHTFG,8/10/2018,Pre,111_1,1,36.0,1.1944726705551147,0.5856192708015442,0.6412131786346436,0.8783376812934875,0.7386378645896912,1075.0
341,SHTFG,8/10/2018,Pre,214_2,2,104.0,1.5300923585891724,0.7001185417175293,0.7187936902046204,1.0500741004943848,0.8235945701599121,3093.0
342,SHTFG,8/10/2018,Pre,111_1,10,65.0,1.4010499715805054,0.6504896879196167,0.6797342300415039,0.9756283164024352,0.7882164120674133,1926.0
343,SHTFG,8/24/2018,Pre,121_1,13,47.0,1.6409718990325928,0.5793598890304565,0.5911384224891663,0.8689452409744263,0.733637273,1379.0
344,SHTFG,8/24/2018,Pre,121_1,8,57.0,1.6611380577087402,0.5763612389564514,0.5858383178710938,0.8644461631774902,0.731227696,1678.0
345,SHTFG,9/12/2018,Pre,111_1,13,68.0,1.525083303451538,0.7711171507835388,0.7746338844299316,1.1565325260162354,0.8707534670829773,2010.0
346,SHTFG,8/10/2018,Pre,111_2,2,43.0,1.3114086389541626,0.6339383125305176,0.6783468127250671,0.950803518295288,0.7759403586387634,1264.0
347,SHTFG,8/24/2018,Pre,211_1,10,59.0,1.798169732093811,0.6184602379798889,0.6109229326248169,0.9275916814804076,0.7642338871955872,1717.0
348,SHTFG,8/10/2018,Pre,121_1,7,55.0,1.2043288946151731,0.5928961634635925,0.6372572183609009,0.8892430067062378,0.7443981766700745,1619.0
349,SHTFG,8/24/2018,Pre,111_2,9,45.0,1.674339771270752,0.5848497748374939,0.5966745018959045,0.8771818280220032,0.7380249500274658,1322.0
350,SHTFG,8/10/2018,Pre,121_1,2,58.0,1.314178466796875,0.6094322204589844,0.6429072022438049,0.9140437245368958,0.7572996020317078,1685.0
351,SHTFG,8/24/2018,Pre,211_2,6,88.0,1.7600711584091189,0.6147359013557434,0.6226583123207092,0.9220015406608582,0.7613824009895325,2540.0
352,SHTFG,8/24/2018,Pre,111_2,3,90.0,1.6791813373565674,0.6008667349815369,0.6138051748275757,0.9012024402618408,0.7506514191627502,2599.0
353,SHTFG,8/10/2018,Pre,121_2,3,83.0,1.319062591,0.6448556780815125,0.6803961396217346,0.9671769738197328,0.7840651869773865,2390.0
354,SHTFG,8/24/2018,Pre,111_2,4,96.0,1.765470266342163,0.613680363,0.6122931241989136,0.920421540737152,0.7605729103088379,2759.0
355,SHTFG,8/10/2018,Pre,211_1,4,59.0,1.292042255401611,0.6142857074737549,0.65313828,0.9213224053382874,0.7610359787940979,1704.0
356,SHTFG,9/12/2018,Pre,211_1,12,74.0,1.4518413543701172,0.7385486364364624,0.7548052072525024,1.1076804399490356,0.8495962619781494,2118.0
357,SHTFG,8/10/2018,Pre,121_2,9,23.0,1.094069480895996,0.556158185,0.6164319515228271,0.8341430425643921,0.7147539854049683,651.0
358,SHTFG,8/10/2018,Pre,121_2,6,98.0,1.3709893226623535,0.6704545617103577,0.6964048147201538,1.005571961402893,0.8027003407478333,2771.0
359,SHTFG,9/28/2018,Pre,214_1,8,79.0,1.3125269412994385,0.6600995659828186,0.698715091,0.990042209625244,0.7952317595481873,2214.0
360,SHTFG,8/10/2018,Pre,111_2,7,105.0,1.4766885042190552,0.6931887865066528,0.7184969782829285,1.0396769046783447,0.8187788724899292,2943.0
361,SHTFG,8/10/2018,Pre,111_1,4,66.0,1.343718647956848,0.6427015066146851,0.679287314,0.963947296142578,0.7824708223342896,1829.0
362,SHTFG,8/10/2018,Pre,211_2,6,88.0,1.438205361366272,0.678424597,0.6967840790748596,1.0175267457962036,0.8083864450454712,2439.0
363,SHTFG,8/24/2018,Pre,211_2,5,73.0,1.7029973268508911,0.5959137082099915,0.6094322204589844,0.8937691450119019,0.7467725276947021,1999.0
364,SHTFG,8/10/2018,Pre,111_1,11,72.0,1.4727448225021362,0.6652865409851074,0.6843729615211487,0.9978210926055908,0.7989844679832458,1995.0
365,SHTFG,9/12/2018,Pre,111_2,6,49.0,1.1919634342193604,0.6397297978401184,0.6939777731895447,0.9594746828079224,0.7802606821060181,1335.0
366,SHTFG,8/10/2018,Pre,121_2,4,97.0,1.4279035329818726,0.6601815819740295,0.691629946,0.99016535282135,0.7952913045883179,2638.0
367,SHTFG,8/10/2018,Pre,111_2,5,105.0,1.4827463626861572,0.6888522505760193,0.7103505730628967,1.0331718921661377,0.815745473,2833.0
368,SHTFG,8/10/2018,Pre,214_2,8,119.0,1.5298960208892822,0.7077570557594299,0.7250455617904663,1.0615291595458984,0.8288565874099731,3229.0
369,SHTFG,8/24/2018,Pre,121_2,3,87.0,1.6700290441513062,0.5813034772872925,0.5956598520278931,0.8718595504760742,0.7351936101913452,2342.0
370,SHTFG,8/10/2018,Pre,211_1,3,58.0,1.2492082118988037,0.6153331995010376,0.6574434041976929,0.922896921634674,0.761840284,1574.0
371,SHTFG,8/10/2018,Pre,111_1,5,65.0,1.3897051811218262,0.6449626088142395,0.6759300827980042,0.9673374891281128,0.7841442823410034,1727.0
372,SHTFG,8/24/2018,Pre,121_2,5,96.0,1.6980894804000854,0.5962047576904297,0.60079664,0.8942084908485413,0.7470018267631531,2547.0
373,SHTFG,11/7/2018,Pre,111_1,1,79.0,1.456251859664917,0.6265740394592285,0.6401050686836243,0.9397590160369872,0.7703981995582581,2086.0
374,SHTFG,8/10/2018,Pre,111_2,4,101.0,1.467410445213318,0.6873071193695068,0.7155407071113586,1.0308547019958496,0.8146609663963318,2663.0
375,SHTFG,8/10/2018,Pre,211_2,5,77.0,1.3203339576721191,0.6294955611228943,0.6765184998512268,0.9441366195678712,0.7726019024848938,2019.0
376,SHTFG,8/10/2018,Pre,211_2,4,95.0,1.4020925760269165,0.6678839921951294,0.7026315927505493,1.0017184019088743,0.800855279,2490.0
377,SHTFG,8/24/2018,Pre,211_2,8,31.0,1.3791035413742063,0.5461023449897766,0.5729349851608276,0.8190650939941406,0.7063956260681152,806.0
378,SHTFG,8/10/2018,Pre,111_1,12,71.0,1.361535668373108,0.6561027765274048,0.6879091858863831,0.9840488433837892,0.7923241853713989,1831.0
379,SHTFG,8/10/2018,Pre,111_2,6,107.0,1.481465220451355,0.6888433694839478,0.7091361284255981,1.0331593751907349,0.8157393336296082,2758.0
380,SHTFG,8/10/2018,Pre,121_1,5,33.0,1.221496820449829,0.582055926,0.6267964839935303,0.8729854822158813,0.7357944846153259,849.0
381,SHTFG,8/24/2018,Pre,111_1,6,78.0,1.7644147872924805,0.6146551966667175,0.6129171252250671,0.9218834042549132,0.7613211870193481,1991.0
382,SHTFG,9/12/2018,Pre,111_1,5,39.0,1.218950271606445,0.6378406882286072,0.6783028841018677,0.9566356539726256,0.7788524627685547,989.0
383,SHTFG,8/24/2018,Pre,111_1,8,77.0,2.029680013656616,0.6863893866539001,0.6671814918518066,1.0294835567474363,0.8140167593955994,1971.0
384,SHTFG,8/10/2018,Pre,211_1,1,27.0,1.1071008443832395,0.5581887364387512,0.6156209111213684,0.837194562,0.7164308428764343,675.0
385,SHTFG,8/10/2018,Pre,214_1,6,59.0,1.326421141624451,0.6344591975212097,0.6716222167015076,0.9515870213508606,0.7763309478759766,1499.0
386,SHTFG,8/24/2018,Pre,111_1,12,73.0,1.855813980102539,0.6208046078681946,0.6172100305557251,0.9311034679412842,0.7660204172134399,1838.0
387,SHTFG,8/10/2018,Pre,211_1,7,62.0,1.328089714050293,0.6302016377449036,0.6703296899795532,0.9452010989189148,0.7731348276138306,1553.0
388,SHTFG,9/12/2018,Pre,211_2,9,161.0,1.7752370834350586,0.8366750478744507,0.8214581608772278,1.254881501197815,0.9110665321350098,4052.0
389,SHTFG,11/7/2018,Pre,121_2,4,199.0,1.674669861793518,0.6842105388641357,0.6963708996772766,1.0262190103530884,0.8124829530715942,5002.0
390,SHTFG,8/24/2018,Pre,111_1,10,70.0,1.689998745918274,0.602789044,0.607489288,0.9040818810462952,0.7521489858627319,1738.0
391,SHTFG,9/12/2018,Pre,111_1,11,98.0,1.4897897243499756,0.7476022243499756,0.7582529187202454,1.1212618350982666,0.8555569648742676,2434.0
392,SHTFG,8/10/2018,Pre,211_1,10,45.0,1.3297332525253296,0.6272588968276978,0.6634765267372131,0.9407858848571776,0.7709156274795532,1126.0
393,SHTFG,8/24/2018,Pre,211_2,2,60.0,1.9361165761947632,0.6228030920028687,0.6104651093482971,0.9340993762016296,0.7675397992134094,1477.0
394,SHTFG,9/12/2018,Pre,111_2,9,155.0,1.7793816328048706,0.8341687321662903,0.8250207901000977,1.2511224746704102,0.9095784425735474,3771.0
395,SHTFG,8/10/2018,Pre,121_1,13,38.0,1.2351632118225098,0.595174253,0.6346153616905212,0.8926616907119751,0.7461919784545898,923.0
396,SHTFG,8/10/2018,Pre,214_2,4,57.0,1.3042012453079224,0.6120280623435974,0.6523754596710205,0.9179382920265198,0.7593011260032654,1387.0
397,SHTFG,8/10/2018,Pre,121_2,5,98.0,1.4134624004364014,0.6739315986633301,0.7019335031509399,1.010789394378662,0.8051880598068237,2371.0
398,SHTFG,9/12/2018,Pre,211_1,2,74.0,1.5004457235336304,0.75373137,0.7655897736549377,1.1304564476013184,0.8595573306083679,1784.0
399,SHTFG,8/24/2018,Pre,121_1,7,58.0,1.73957622051239,0.55946362,0.5646228790283203,0.8391032218933105,0.7174791693687439,1406.0
400,SHTFG,8/24/2018,Pre,211_1,12,57.0,1.917062282562256,0.608869195,0.6028274893760681,0.9132025241851808,0.7568655014038086,1371.0
401,SHTFG,8/10/2018,Pre,111_1,13,28.0,1.270295262336731,0.5943029522895813,0.6381374597549438,0.8913583159446716,0.7455075979232788,674.0
402,SHTFG,9/12/2018,Pre,211_1,4,64.0,1.478037953,0.7369080185890198,0.7509472370147705,1.1052236557006836,0.8485100269317627,1542.0
403,SHTFG,8/24/2018,Pre,121_2,1,54.0,1.6783647537231443,0.5859845280647278,0.5928324460983276,0.8788823485374451,0.7389274835586548,1286.0
404,SHTFG,9/12/2018,Pre,111_1,10,103.0,1.4655344486236572,0.747706413,0.7670703530311584,1.121416687965393,0.8556250333786011,2424.0
405,SHTFG,9/12/2018,Pre,111_1,3,56.0,1.3632937669754028,0.7315469980239868,0.7501277327537537,1.097181797027588,0.8449443578720093,1306.0
406,SHTFG,8/10/2018,Pre,121_1,6,36.0,1.1472890377044678,0.5660767555236816,0.6181429624557495,0.8490175604820251,0.722894013,840.0
407,SHTFG,9/12/2018,Pre,111_1,12,103.0,1.4824990034103394,0.743746817,0.7549448013305664,1.1154779195785522,0.8530261516571045,2414.0
408,SHTFG,8/10/2018,Pre,111_1,3,64.0,1.377985596656799,0.6395273804664612,0.6773626208305359,0.9591880440711976,0.7801138162612915,1500.0
409,SHTFG,9/28/2018,Pre,111_2,6,106.0,1.5937238931655884,0.7455470561981201,0.7579341530799866,1.1182111501693726,0.8542134165763855,2464.0
410,SHTFG,9/28/2018,Pre,211_2,6,161.0,1.6919671297073364,0.7870540618896484,0.7913364171981812,1.1804726123809814,0.880828857,3751.0
411,SHTFG,9/12/2018,Pre,111_1,1,71.0,1.4165631532669067,0.7403894066810608,0.7557290196418762,1.110445499420166,0.8508136868476868,1654.0
412,SHTFG,8/24/2018,Pre,121_1,11,32.0,1.5794414281845093,0.5620041489601135,0.5871871113777161,0.8429182767868042,0.7195667028427124,731.0
413,SHTFG,9/12/2018,Pre,211_2,6,90.0,1.5866336822509766,0.7687695026397705,0.7785817384719849,1.1530159711837769,0.869255006,2036.0
414,SHTFG,8/10/2018,Pre,211_1,12,52.0,1.3064439296722412,0.6250285506248474,0.6618402600288391,0.9374358057975768,0.7692274451255798,1155.0
415,SHTFG,8/10/2018,Pre,211_1,5,50.0,1.272843599319458,0.6238244771957397,0.6633027791976929,0.9356319308280944,0.7683151960372925,1117.0
416,SHTFG,8/24/2018,Pre,111_1,3,30.0,1.4160997867584229,0.5461302995681763,0.5587392449378967,0.8191059231758118,0.7064186334609985,660.0
417,SHTFG,8/10/2018,Pre,111_1,6,67.0,1.350966215133667,0.6433418393135071,0.6778523325920105,0.9649104475975036,0.7829458117485046,1447.0
418,SHTFG,9/12/2018,Pre,211_1,1,77.0,1.506041407585144,0.7563207149505615,0.7682424187660217,1.1343445777893066,0.8612394332885742,1677.0
419,SHTFG,11/7/2018,Pre,111_1,6,52.0,1.483628511428833,0.6276112794876099,0.6414014101028442,0.9413100481033324,0.7711807489395142,1125.0
420,SHTFG,9/28/2018,Pre,111_2,5,226.0,1.7091131210327148,0.7570733428001404,0.7596101760864258,1.1355077028274536,0.8617313504219055,4876.0
421,SHTFG,8/10/2018,Pre,211_2,3,60.0,1.3144097328186035,0.6321738958358765,0.674397886,0.948157787,0.7746171355247498,1303.0
422,SHTFG,8/24/2018,Pre,111_1,11,76.0,1.8066205978393557,0.6171141862869263,0.6104347705841064,0.9255702495574952,0.7632045745849609,1628.0
423,SHTFG,8/24/2018,Pre,111_1,1,41.0,1.7077486515045166,0.5893872380256653,0.5944232940673828,0.8839877843856812,0.7416280508041382,879.0
424,SHTFG,9/28/2018,Pre,111_2,3,228.0,1.696139574050903,0.7625554800033569,0.7704100012779236,1.143731713294983,0.8652721643447876,4890.0
425,SHTFG,9/12/2018,Pre,111_2,2,185.0,1.7081407308578491,0.8231263160705566,0.8149648308753967,1.2345572710037231,0.9029730558395386,3968.0
426,SHTFG,8/10/2018,Pre,214_2,3,31.0,1.2552434206008911,0.6001744270324707,0.6457399129867554,0.900163472,0.7501106858253479,670.0
427,SHTFG,9/12/2018,Pre,211_2,4,188.0,1.6730998754501345,0.8114553093910217,0.8058209419250488,1.2170473337173462,0.8959038853645325,4006.0
428,SHTFG,11/7/2018,Pre,121_2,5,201.0,1.725322723388672,0.7137917876243591,0.7154393196105957,1.0705848932266235,0.8329814672470093,4255.0
429,SHTFG,8/10/2018,Pre,111_2,8,110.0,1.4673296213150024,0.6854115724563599,0.7158265709877014,1.0280126333236694,0.8133278489112854,2320.0
430,SHTFG,8/10/2018,Pre,214_1,11,40.0,1.2591060400009155,0.5962521433830261,0.6449418663978577,0.8942829966545105,0.7470399141311646,836.0
431,SHTFG,9/12/2018,Pre,211_1,6,44.0,1.2554433345794678,0.6587899327278137,0.6939803957939148,0.9880566000938416,0.794276237,917.0
432,SHTFG,11/7/2018,Pre,121_2,1,175.0,1.3453736305236816,0.5749629735946655,0.6048265695571899,0.8623533248901367,0.7301024198532104,3652.0
433,SHTFG,9/28/2018,Pre,111_2,2,231.0,1.7479387521743774,0.7764213681221008,0.775801957,1.1645305156707764,0.8741301894187927,4777.0
434,SHTFG,8/24/2018,Pre,111_1,7,62.0,1.6730462312698364,0.6257705092430115,0.6391339302062988,0.9385624527931212,0.7697924375534058,1256.0
435,SHTFG,9/28/2018,Pre,121_2,6,205.0,1.6108964681625366,0.7186711430549622,0.725564718,1.0778933763504028,0.8362935185432434,4149.0
436,SHTFG,11/7/2018,Pre,111_2,10,149.0,1.3786457777023315,0.607249379,0.630439818,0.9107695817947388,0.7556116580963135,3008.0
437,SHTFG,8/24/2018,Pre,111_2,1,67.0,1.5917717218399048,0.5816555023193359,0.5952166318893433,0.8723856210708618,0.7354745864868164,1346.0
438,SHTFG,8/10/2018,Pre,121_2,2,33.0,1.2112321853637695,0.5825307965278625,0.6307408213615417,0.873698354,0.7361740469932556,669.0
439,SHTFG,8/24/2018,Pre,121_2,2,46.0,1.6967984437942505,0.5941964983940125,0.5994706749916077,0.8911968469619751,0.7454233765602112,926.0
440,SHTFG,9/28/2018,Pre,211_1,10,186.0,1.5358434915542605,0.7494218945503235,0.7571790814399719,1.1240147352218628,0.8567504286766052,3694.0
441,SHTFG,9/12/2018,Pre,211_2,5,184.0,1.6487910747528076,0.7964099049568176,0.7915250658988953,1.1944791078567505,0.8866556286811829,3646.0
442,SHTFG,8/24/2018,Pre,111_2,2,56.0,1.7634271383285522,0.6029733419418335,0.6043763756752014,0.904361128807068,0.7522931694984436,1096.0
443,SHTFG,8/24/2018,Pre,211_1,9,60.0,1.9585341215133667,0.6386190056800842,0.6355757117271423,0.957829475,0.779438317,1173.0
444,SHTFG,11/7/2018,Pre,121_1,8,82.0,1.5273802280426023,0.6588477492332458,0.6740033030509949,0.9881699681282043,0.7943235635757446,1606.0
445,SHTFG,9/12/2018,Pre,111_2,5,183.0,1.599490523338318,0.7844712138175964,0.7856664657592773,1.1765755414962769,0.8792065382003784,3564.0
446,SHTFG,9/28/2018,Pre,111_2,7,116.0,1.5630171298980713,0.7254902124404907,0.741330087,1.0881253480911257,0.8408933877944946,2248.0
447,SHTFG,8/24/2018,Pre,211_2,1,42.0,1.670133352279663,0.5860884785652161,0.5974054336547852,0.8790383338928223,0.7390101552009583,821.0
448,SHTFG,9/28/2018,Pre,121_2,8,216.0,1.7534384727478027,0.7820135354995728,0.784487247,1.172918677330017,0.8776636123657227,4178.0
449,SHTFG,9/12/2018,Pre,211_1,13,88.0,1.528399109840393,0.7731857299804688,0.7784357070922852,1.1596360206604004,0.8720710873603821,1695.0
450,SHTFG,9/28/2018,Pre,121_2,6,117.0,1.6108964681625366,0.7186711430549622,0.725564718,1.0778933763504028,0.8362935185432434,2220.0
451,SHTFG,9/28/2018,Pre,121_2,9,219.0,1.7872322797775269,0.7821499109268188,0.7799214124679565,1.1731199026107788,0.8777491450309753,4158.0
452,SHTFG,9/12/2018,Pre,211_1,3,66.0,1.4481477737426758,0.7290877103805542,0.7356671690940857,1.0934933423995972,0.8433013558387756,1245.0
453,SHTFG,9/28/2018,Pre,214_2,9,222.0,1.7080368995666504,0.7938796877861023,0.8002117872238159,1.1907148361206057,0.8850880861282349,4141.0
454,SHTFG,8/10/2018,Pre,214_2,7,114.0,1.452608942985535,0.6751247644424438,0.696650505,1.0125819444656372,0.8060396909713745,2086.0
455,SHTFG,9/12/2018,Pre,211_2,7,124.0,1.6705936193466189,0.8087300062179565,0.8043763637542725,1.2129619121551514,0.8942402601242065,2274.0
456,SHTFG,9/28/2018,Pre,111_1,11,182.0,1.5160843133926392,0.7191034555435181,0.7337204217910767,1.078544259,0.8365865349769592,3310.0
457,SHTFG,9/28/2018,Pre,214_2,10,237.0,1.764874815940857,0.780722439,0.7836363911628723,1.1709773540496826,0.876849353,4297.0
458,SHTFG,8/24/2018,Pre,111_1,13,40.0,1.7251043319702148,0.6091808676719666,0.6159864664077759,0.9136751294136048,0.7571075558662415,725.0
459,SHTFG,8/10/2018,Pre,214_2,6,113.0,1.3960202932357788,0.6568443179130554,0.6900447607040405,0.9851635098457336,0.7928652763366699,2035.0
460,SHTFG,9/12/2018,Pre,211_2,10,145.0,1.7929691076278689,0.838248074,0.8193132877349854,1.257235765457153,0.9119980931282043,2610.0
461,SHTFG,9/28/2018,Pre,214_2,1,135.0,1.5822237730026243,0.7621824145317078,0.7673349976539612,1.1431546211242676,0.8650299310684204,2394.0
462,SHTFG,9/12/2018,Pre,111_1,2,67.0,1.422505259513855,0.735162079,0.7473631501197815,1.1026057004928589,0.8473513722419739,1183.0
463,SHTFG,9/28/2018,Pre,121_2,4,211.0,1.6662606000900269,0.751098096,0.7543087601661682,1.1265439987182615,0.8578467965126038,3707.0
464,SHTFG,9/12/2018,Pre,211_1,10,111.0,1.5681049823760986,0.7806122303009033,0.7783439755439758,1.170768976211548,0.876775324,1947.0
465,SHTFG,9/28/2018,Pre,111_1,10,180.0,1.4803129434585571,0.718603253,0.7370485067367554,1.0777947902679443,0.836247981,3141.0
466,SHTFG,9/28/2018,Pre,214_1,3,131.0,1.4704861640930176,0.7067167162895203,0.7323734760284424,1.0599645376205444,0.828141987,2279.0
467,SHTFG,11/7/2018,Pre,111_1,3,79.0,1.4338983297348022,0.6396629810333252,0.6535947918891907,0.9593908786773682,0.7802145481109619,1373.0
468,SHTFG,9/28/2018,Pre,111_1,3,111.0,1.544427514076233,0.7142857313156128,0.7214241027832031,1.0713175535202026,0.8333165049552917,1921.0
469,SHTFG,9/28/2018,Pre,111_1,1,128.0,1.575898051261902,0.720750093,0.735251784,1.0810149908065796,0.8377000689506531,2194.0
470,SHTFG,9/12/2018,Pre,111_2,10,146.0,1.6686041355133057,0.8152031302452087,0.8148066997528076,1.2226711511611938,0.8981839418411255,2495.0
471,SHTFG,9/12/2018,Pre,211_1,7,57.0,1.2493748664855957,0.6556430459022522,0.6843791604042053,0.9833354949951172,0.7919840216636658,981.0
472,SHTFG,9/28/2018,Pre,211_1,9,189.0,1.6194943189620972,0.7712177038192749,0.7809021472930908,1.1567142009735107,0.8708209991455078,3228.0
473,SHTFG,9/12/2018,Pre,211_2,1,61.0,1.41222882270813,0.726166308,0.7385087013244629,1.0891114473342896,0.8413435220718384,1029.0
474,SHTFG,9/12/2018,Pre,111_1,9,118.0,1.5604630708694458,0.783203125,0.7728155255317688,1.1746612787246704,0.8784081339836121,1984.0
475,SHTFG,9/28/2018,Pre,121_2,5,165.0,1.6813856363296509,0.7459110021591187,0.7572740912437439,1.118760108947754,0.8544526696205139,2763.0
476,SHTFG,9/12/2018,Pre,111_2,8,152.0,1.7016347646713257,0.8194064497947693,0.8205560445785522,1.228980302810669,0.9007300734519958,2515.0
477,SHTFG,9/28/2018,Pre,214_1,11,162.0,1.5201870203018188,0.731642485,0.7531580328941345,1.0973514318466189,0.8450117111206055,2647.0
478,SHTFG,9/12/2018,Pre,111_2,3,195.0,1.718693494796753,0.8196332454681396,0.8048362731933594,1.2293171882629397,0.9008668065071106,3192.0
479,SHTFG,9/28/2018,Pre,214_1,12,141.0,1.5860146284103394,0.7500507235527039,0.7636474967002869,1.1249619722366333,0.8571617603302002,2307.0
480,SHTFG,9/28/2018,Pre,214_2,3,228.0,1.7541223764419556,0.7943719029426575,0.7953625321388245,1.1914483308792114,0.8853934407234192,3715.0
481,SHTFG,9/28/2018,Pre,214_1,13,123.0,1.581852674484253,0.7569129467010498,0.7634631395339966,1.1352522373199463,0.8616256713867188,1977.0
482,SHTFG,9/28/2018,Pre,211_2,1,126.0,1.6412874460220337,0.7530766129493713,0.760765553,1.129502773284912,0.859134853,2033.0
483,SHTFG,9/28/2018,Pre,214_1,10,148.0,1.557130217552185,0.7349498271942139,0.7488411068916321,1.1023095846176147,0.8472133278846741,2360.0
484,SHTFG,8/10/2018,Pre,111_1,7,42.0,1.3858481645584106,0.6497638821601868,0.6861099600791931,0.9745458364486694,0.7876845002174377,659.0
485,SHTFG,8/10/2018,Pre,214_2,5,74.0,1.3683843612670898,0.6302405595779419,0.664561391,0.945252538,0.7731625437736511,1171.0
486,SHTFG,11/7/2018,Pre,111_1,4,99.0,1.448027253,0.6452476382255554,0.6574510931968689,0.9677635431289672,0.7843546271324158,1556.0
487,SHTFG,9/28/2018,Pre,211_1,7,122.0,1.453266143798828,0.7088983058929443,0.7257167100906372,1.063234806060791,0.8296378254890442,1896.0
488,SHTFG,9/28/2018,Pre,211_1,6,115.0,1.480441927909851,0.7157010436058044,0.7396811246871948,1.0734360218048096,0.834278405,1782.0
489,SHTFG,9/12/2018,Pre,111_2,4,199.0,1.734141230583191,0.8198784589767456,0.8049935698509216,1.2296842336654663,0.9010148644447328,3048.0
490,SHTFG,11/7/2018,Pre,111_1,7,75.0,1.333901047706604,0.5977553129196167,0.6273434162139893,0.8965323567390442,0.7482174038887024,1152.0
491,SHTFG,9/28/2018,Pre,214_2,7,220.0,1.7485220432281494,0.8029933571815491,0.8051925301551819,1.2043852806091309,0.8907241821289062,3303.0
492,SHTFG,11/7/2018,Pre,121_2,3,82.0,1.524985671043396,0.6732882261276245,0.6915189027786255,1.0098257064819336,0.8047288060188293,1216.0
493,SHTFG,11/7/2018,Pre,111_1,5,100.0,1.4165093898773191,0.6366071701049805,0.6535859107971191,0.9548041224479676,0.7779360413551331,1486.0
494,SHTFG,9/28/2018,Pre,214_1,2,159.0,1.475188136100769,0.7128267884254456,0.7312138676643372,1.0691310167312622,0.8323229551315308,2354.0
495,SHTFG,9/12/2018,Pre,211_1,11,118.0,1.4897730350494385,0.7565891742706299,0.7615962624549866,1.1347371339797974,0.8614122867584229,1710.0
496,SHTFG,9/28/2018,Pre,111_1,13,131.0,1.5498640537261963,0.7218595743179321,0.7345556020736694,1.0826822519302368,0.8384495377540588,1892.0
497,SHTFG,9/28/2018,Pre,214_1,4,136.0,1.513332724571228,0.696394682,0.7115507125854492,1.044481873512268,0.8210108280181885,1971.0
498,SHTFG,9/28/2018,Pre,214_1,5,144.0,1.507865548,0.7046783566474915,0.7281389236450195,1.0569071769714355,0.8267406225204468,2023.0
499,SHTFG,9/28/2018,Pre,211_1,1,151.0,1.6201361417770386,0.7503030300140381,0.7584736943244934,1.1253408193588257,0.8573266267776489,2086.0
500,SHTFG,9/28/2018,Pre,111_2,9,221.0,1.6763498783111572,0.7679204940795898,0.7761141061782837,1.1517785787582395,0.8687160015106201,3044.0
501,SHTFG,11/7/2018,Pre,121_1,11,84.0,1.4003453254699707,0.6170752048492432,0.648072362,0.9255150556564332,0.7631755471229553,1158.0
502,SHTFG,11/7/2018,Pre,121_2,6,203.0,1.5913898944854736,0.7029662728309631,0.7078239321708679,1.054342269897461,0.8255614638328552,2769.0
503,SHTFG,9/28/2018,Pre,211_1,4,133.0,1.5510470867156982,0.728632927,0.7472550272941589,1.0928373336791992,0.8430006504058838,1806.0
504,SHTFG,11/7/2018,Pre,121_2,2,154.0,1.277537226676941,0.5646258592605591,0.6045345664024353,0.8468487858772278,0.7217118144035339,2084.0
505,SHTFG,9/12/2018,Pre,111_1,4,54.0,1.303741455078125,0.7014230489730835,0.730526328,1.051998496055603,0.8244913816452026,730.0
506,SHTFG,9/28/2018,Pre,211_1,3,130.0,1.5689923763275146,0.7405515909194946,0.7548918724060059,1.1107139587402344,0.8509240746498108,1723.0
507,SHTFG,9/28/2018,Pre,211_1,5,96.0,1.5451830625534058,0.7308411002159119,0.7435146570205688,1.096147894859314,0.8444766998291016,1258.0
508,SHTFG,9/28/2018,Pre,111_1,5,82.0,1.382510781288147,0.666595995,0.6938995718955994,0.9997879266738892,0.7999287247657776,1064.0
509,SHTFG,11/7/2018,Pre,121_2,7,74.0,1.4616520404815674,0.6282021999359131,0.646869957,0.9421965479850768,0.7716268301010132,959.0
510,SHTFG,9/28/2018,Pre,214_1,6,109.0,1.4352909326553345,0.6891032457351685,0.7032942771911621,1.033541560173035,0.8159202933311462,1377.0
511,SHTFG,8/24/2018,Pre,111_1,9,99.0,1.8239376544952397,0.6363636255264282,0.6260025501251221,0.9544441103935242,0.7777553200721741,1239.0
512,SHTFG,9/28/2018,Pre,214_1,7,91.0,1.3289741277694702,0.6831077933311462,0.7092198729515076,1.024549961090088,0.8117021918296814,1090.0
513,SHTFG,9/28/2018,Pre,211_2,2,121.0,1.5222193002700806,0.7230381965637207,0.7394619584083557,1.0844435691833496,0.8392431735992432,1453.0
514,SHTFG,9/28/2018,Pre,211_1,2,152.0,1.6301597356796265,0.7508038878440857,0.7603556513786316,1.1260926723480225,0.8576535582542419,1759.0
515,SHTFG,9/28/2018,Pre,214_2,6,194.0,1.7065515518188477,0.7990448474884033,0.8013610243797302,1.198457122,0.8882888555526733,2238.0
516,SHTFG,11/7/2018,Pre,111_2,8,61.0,1.1733542680740356,0.5604498386383057,0.6021168828010559,0.8405762910842896,0.7182879447937012,695.0
517,SHTFG,9/12/2018,Pre,211_2,8,139.0,1.6988037824630735,0.8149892687797546,0.8064790964126587,1.2223531007766724,0.898054302,1586.0
518,SHTFG,5/13/2019,Pre,211_1,10,54.0,1.4869365692138672,0.6575374007225037,0.5979587435722351,0.9861925840377808,0.7933679819107056,391.0
519,SHTFG,5/13/2019,Pre,211_1,8,68.0,1.5447806119918823,0.6961625218391418,0.6320590972900391,1.0441259145736694,0.8208481669425964,492.0
520,SHTFG,5/13/2019,Pre,214_2,7,174.0,1.7093299627304075,0.7339274287223816,0.6660550236701965,1.1007744073867798,0.8465332984924316,1264.0
521,SHTFG,5/13/2019,Pre,214_1,10,66.0,1.5233887434005735,0.6724019050598145,0.6036075949668884,1.0084872245788574,0.804093599,484.0
522,SHTFG,5/13/2019,Pre,214_2,1,150.0,1.9301352500915527,0.7865733504295349,0.6971333622932434,1.179731011390686,0.8805257081985474,1100.0
523,SHTFG,5/13/2019,Pre,111_1,5,47.0,1.5853396654129028,0.6803505420684814,0.6112339496612549,1.0204081535339355,0.809751034,343.0
524,SHTFG,5/13/2019,Pre,121_2,2,121.0,1.9334847927093504,0.7865546345710754,0.7169392108917236,1.1797080039978027,0.8805144429206848,894.0
525,SHTFG,5/13/2019,Pre,111_1,2,51.0,1.5598379373550415,0.6722632646560669,0.6113028526306152,1.0082820653915403,0.8039949536323547,378.0
526,SHTFG,5/13/2019,Pre,111_1,13,42.0,1.471210003,0.6537687182426453,0.5897656679153442,0.9805434346199036,0.7906186580657959,314.0
527,SHTFG,5/13/2019,Pre,111_1,10,38.0,1.6421515941619873,0.6841869950294495,0.6242450475692749,1.0261657238006592,0.8124631643295288,285.0
528,SHTFG,5/13/2019,Pre,214_1,12,83.0,1.706920146942139,0.7124698758125305,0.6319966316223145,1.0685876607894895,0.8320783376693726,631.0
529,SHTFG,5/13/2019,Pre,214_2,8,184.0,1.5658633708953855,0.6927939057350159,0.6362525224685669,1.0390814542770386,0.8185027837753296,1395.0
530,SHTFG,5/13/2019,Pre,214_2,10,160.0,1.5386123657226562,0.6700810790061951,0.6287201046943665,1.005014419555664,0.8024330735206604,1214.0
531,SHTFG,5/13/2019,Pre,121_2,1,145.0,1.834228277206421,0.77062881,0.700300932,1.1558223962783811,0.8704444766044617,1115.0
532,SHTFG,5/13/2019,Pre,111_1,6,52.0,1.5754843950271606,0.6916078925132751,0.6187160015106201,1.0372939109802246,0.8176729083061218,400.0
533,SHTFG,5/13/2019,Pre,121_1,9,105.0,1.900459885597229,0.7826381325721741,0.6778438091278076,1.1738247871398926,0.8780537247657776,826.0
534,SHTFG,5/13/2019,Pre,111_1,3,47.0,1.5799918174743652,0.7061632871627808,0.634066641,1.05912447,0.8277602791786194,369.0
535,SHTFG,5/13/2019,Pre,214_1,8,75.0,1.6737242937088013,0.7054886221885681,0.6270753741264343,1.0581148862838743,0.8272968530654907,600.0
536,SHTFG,5/13/2019,Pre,121_2,10,180.0,1.8281296491622925,0.7537251710891724,0.6826846599578857,1.1304707527160645,0.8595561981201172,1473.0
537,SHTFG,5/13/2019,Pre,211_2,9,200.0,1.8487558364868164,0.8011794686317444,0.7200321555137634,1.201642632484436,0.8896049857139587,1654.0
538,SHTFG,5/13/2019,Pre,211_2,2,152.0,2.049933671951294,0.8394313454627991,0.7560878396034241,1.2590153217315674,0.9126983880996704,1255.0
539,SHTFG,5/13/2019,Pre,111_2,9,99.0,1.830732345581055,0.7637150287628174,0.6843478083610535,1.1454421281814575,0.8660149574279785,823.0
540,SHTFG,5/13/2019,Pre,111_2,1,165.0,1.6254920959472656,0.7044146060943604,0.6461380124092102,1.056509256362915,0.8265586495399475,1371.0
541,SHTFG,5/13/2019,Pre,111_1,4,45.0,1.5953720808029177,0.6955113410949707,0.6313446164131165,1.0431463718414309,0.820394754,376.0
542,SHTFG,5/13/2019,Pre,211_1,6,47.0,1.5955111980438232,0.7063369154930115,0.6407643556594849,1.0593883991241455,0.8278800845146179,396.0
543,SHTFG,5/13/2019,Pre,214_2,2,118.0,1.8328574895858765,0.7705447673797607,0.675038218,1.1556837558746338,0.870389462,1001.0
544,SHTFG,5/13/2019,Pre,211_2,3,138.0,2.1056056022644043,0.837429941,0.7452386021614075,1.2560094594955444,0.911513627,1209.0
545,SHTFG,5/13/2019,Pre,211_1,13,51.0,1.5068694353103638,0.6887194514274597,0.6172680258750916,1.0329633951187134,0.8156507015228271,448.0
546,SHTFG,5/13/2019,Pre,111_1,1,55.0,1.5210936069488523,0.66809082,0.615066409,1.0020235776901243,0.8010030388832092,491.0
547,SHTFG,5/13/2019,Pre,214_1,11,80.0,1.468921184539795,0.6756517887115479,0.6198205947875977,1.0133657455444336,0.806414008,719.0
548,SHTFG,5/13/2019,Pre,211_1,3,61.0,1.715741753578186,0.7304404973983765,0.6543054580688477,1.0955407619476318,0.8442082405090332,543.0
549,SHTFG,5/13/2019,Pre,211_2,8,176.0,1.998862862586975,0.8068015575408936,0.7271639704704285,1.210076093673706,0.893060565,1599.0
550,SHTFG,5/13/2019,Pre,111_1,9,79.0,1.7156096696853638,0.7201781272888184,0.6483269929885864,1.0801405906677246,0.8373111486434937,738.0
551,SHTFG,5/13/2019,Pre,214_2,5,135.0,1.8257635831832888,0.7573632597923279,0.6811270117759705,1.13591206073761,0.8619155287742615,1260.0
552,SHTFG,5/13/2019,Pre,214_1,5,85.0,1.6496305465698242,0.7114797234535217,0.6405857801437378,1.067103147506714,0.8314026594161987,795.0
553,SHTFG,5/13/2019,Pre,121_1,11,98.0,1.8803786039352417,0.7817531228065491,0.6892092227935791,1.17249858379364,0.8774965405464172,933.0
554,SHTFG,5/13/2019,Pre,211_2,5,119.0,1.897110939025879,0.798251212,0.7208163142204285,1.197249174118042,0.8877965211868286,1152.0
555,SHTFG,5/13/2019,Pre,211_2,10,158.0,2.0082907676696777,0.8227951526641846,0.7381463646888733,1.2340664863586426,0.9027741551399232,1570.0
556,SHTFG,5/13/2019,Pre,121_2,7,159.0,2.176219701766968,0.8566200137138367,0.7549857497215271,1.2847917079925537,0.9227653741836548,1593.0
557,SHTFG,5/13/2019,Pre,211_1,4,67.0,1.779888391494751,0.748251736,0.6538625955581665,1.122251033782959,0.855984092,674.0
558,SHTFG,5/13/2019,Pre,111_1,11,35.0,1.4612730741500854,0.6325792074203491,0.5915306806564331,0.9487614631652832,0.7749204039573669,351.0
559,SHTFG,5/13/2019,Pre,211_1,7,58.0,1.527149319648743,0.6605871915817261,0.6083584427833557,0.9907705783843994,0.7955849766731262,587.0
560,SHTFG,5/13/2019,Pre,121_2,9,188.0,1.8254218101501465,0.7463581562042236,0.6846455931663513,1.119417428970337,0.8547443151473999,1924.0
561,SHTFG,5/13/2019,Pre,111_1,7,65.0,1.6949872970581057,0.7267759442329407,0.653728724,1.090039849281311,0.8417546153068542,683.0
562,SHTFG,5/13/2019,Pre,214_1,3,72.0,1.6749974489212036,0.7204914689064026,0.6481714844703674,1.0806186199188232,0.8375241160392761,764.0
563,SHTFG,5/13/2019,Pre,121_1,4,110.0,2.0108392238616943,0.7873550653457642,0.6731517314910889,1.180903434753418,0.8810153007507324,1193.0
564,SHTFG,5/13/2019,Pre,121_2,4,133.0,1.988343954086304,0.8069465160369873,0.7152103781700134,1.210290789604187,0.8931491374969482,1483.0
565,SHTFG,5/13/2019,Pre,121_2,6,127.0,2.0981853008270264,0.8385495543479919,0.7426350116729736,1.2576885223388672,0.912176549434662,1417.0
566,SHTFG,5/13/2019,Pre,121_1,5,166.0,1.8199234008789065,0.7649618983268738,0.678741455,1.1473180055618286,0.8668168187141418,1874.0
567,SHTFG,5/13/2019,Pre,121_2,8,149.0,1.6442722082138062,0.7108331322669983,0.6649473905563354,1.0661367177963257,0.8309615254402161,1690.0
568,SHTFG,5/13/2019,Pre,214_1,4,83.0,1.7346278429031372,0.7188198566436768,0.6361702084541321,1.0781092643737793,0.8363931179046631,941.0
569,SHTFG,5/13/2019,Pre,211_2,7,137.0,2.0234320163726807,0.8251616954803467,0.7422823905944824,1.2376134395599363,0.904196798801422,1553.0
570,SHTFG,5/13/2019,Pre,121_1,12,100.0,1.871427059173584,0.7954494953155518,0.6986415982246399,1.193042516708374,0.8860604166984558,1180.0
571,SHTFG,5/13/2019,Pre,121_1,3,129.0,1.809819221496582,0.7608839869499207,0.6806581020355225,1.141199827194214,0.8641920685768127,1560.0
572,SHTFG,5/13/2019,Pre,211_1,4,49.0,1.779888391494751,0.748251736,0.6538625955581665,1.122251033782959,0.855984092,606.0
573,SHTFG,5/13/2019,Pre,121_1,10,94.0,1.888200044631958,0.7898901104927063,0.6927873492240906,1.1847050189971924,0.8826002478599548,1164.0
574,SHTFG,5/13/2019,Pre,211_2,6,92.0,2.056710958480835,0.8210999369621277,0.7385087013244629,1.2315181493759155,0.901752234,1172.0
575,SHTFG,5/13/2019,Pre,211_2,1,136.0,2.035846948623657,0.8341904878616333,0.748235285,1.25115704536438,0.9095914959907532,1770.0
576,SHTFG,5/13/2019,Pre,111_2,7,149.0,2.046699047088623,0.8295645117759705,0.7423728704452515,1.2442164421081543,0.9068340063095092,1949.0
577,SHTFG,5/13/2019,Pre,121_2,3,106.0,2.024987221,0.8414918184280396,0.7506043314933777,1.262104034423828,0.9139149785041808,1450.0
578,SHTFG,5/13/2019,Pre,211_2,4,101.0,2.0445539951324463,0.8264069557189941,0.742308497,1.239476203918457,0.904943585,1389.0
579,SHTFG,5/13/2019,Pre,214_1,7,62.0,1.6495110988616943,0.7092276811599731,0.6392189860343933,1.063723921775818,0.8298625946044922,856.0
580,SHTFG,5/13/2019,Pre,214_1,1,94.0,1.7631325721740725,0.7612009048461914,0.6775187253952026,1.141669511795044,0.8643958568572998,1307.0
581,SHTFG,5/13/2019,Pre,214_1,2,80.0,1.8560829162597656,0.7591522336006165,0.6513678431510925,1.138591170310974,0.8630725145339966,1131.0
582,SHTFG,5/13/2019,Pre,214_1,9,67.0,1.552693486213684,0.6971087455749512,0.6287161707878113,1.045543193817139,0.8215053081512451,983.0
583,SHTFG,5/13/2019,Pre,214_1,6,62.0,1.667165994644165,0.7225708961486816,0.6375231146812439,1.0837390422821045,0.8389277458190918,918.0
584,SHTFG,5/13/2019,Pre,121_1,1,119.0,1.8377799987792969,0.7500574588775635,0.6728150844573975,1.1249569654464722,0.8571642637252808,1771.0
585,SHTFG,5/13/2019,Pre,111_1,8,91.0,1.9394041299819944,0.7847269177436829,0.7103148698806763,1.1769570112228394,0.879366934,1366.0
586,SHTFG,10/15/2018,Pre,111_2,8,109.0,1.4325103759765625,0.6856852769851685,0.7068256735801697,1.028423547744751,0.81352061,3416.0
587,SHTFG,10/15/2018,Pre,111_1,8,121.0,1.322269320487976,0.659954309,0.6929917335510254,0.9898287653923036,0.7951272130012512,3653.0
588,SHTFG,10/15/2018,Pre,214_1,1,64.0,1.2396730184555054,0.6075813174247742,0.649138331,0.9112738370895386,0.7558702230453491,1746.0
589,SHTFG,10/15/2018,Pre,214_1,9,60.0,1.4643973112106323,0.732921839,0.7512996196746826,1.0992696285247805,0.8458643555641174,1530.0
590,SHTFG,10/15/2018,Pre,111_1,1,141.0,1.575898051261902,0.720750093,0.735251784,1.0810149908065796,0.8377000689506531,3290.0
591,SHTFG,10/15/2018,Pre,211_2,9,206.0,1.7395085096359253,0.7934126853942871,0.7974420785903931,1.1900163888931274,0.8847978711128235,4745.0
592,SHTFG,10/15/2018,Pre,214_2,8,211.0,1.753441572189331,0.7947019934654236,0.7962672114372253,1.1919491291046145,0.8855990171432495,4810.0
593,SHTFG,10/15/2018,Pre,214_1,6,100.0,1.4352909326553345,0.6891032457351685,0.7032942771911621,1.033541560173035,0.8159202933311462,2267.0
594,SHTFG,10/15/2018,Pre,214_1,5,134.0,1.507865548,0.7046783566474915,0.7281389236450195,1.0569071769714355,0.8267406225204468,2943.0
595,SHTFG,10/15/2018,Pre,111_1,7,98.0,1.518502712249756,0.714857817,0.7315002083778381,1.0721794366836548,0.8337063789367676,2136.0
596,SHTFG,10/15/2018,Pre,214_2,10,204.0,1.764874815940857,0.780722439,0.7836363911628723,1.1709773540496826,0.876849353,4396.0
597,SHTFG,10/15/2018,Pre,214_2,3,207.0,1.7541223764419556,0.7943719029426575,0.7953625321388245,1.1914483308792114,0.8853934407234192,4430.0
598,SHTFG,10/15/2018,Pre,214_2,7,210.0,1.7485220432281494,0.8029933571815491,0.8051925301551819,1.2043852806091309,0.8907241821289062,4468.0
599,SHTFG,10/15/2018,Pre,121_2,8,197.0,1.7534384727478027,0.7820135354995728,0.784487247,1.172918677330017,0.8776636123657227,4142.0
600,SHTFG,10/15/2018,Pre,111_2,3,237.0,1.696139574050903,0.7625554800033569,0.7704100012779236,1.143731713294983,0.8652721643447876,4977.0
601,SHTFG,10/15/2018,Pre,214_2,2,114.0,1.3754113912582395,0.6774730086326599,0.7072758078575134,1.0161038637161257,0.8077111840248108,2368.0
602,SHTFG,10/15/2018,Pre,211_2,7,202.0,1.6835929155349731,0.7938985228538513,0.8031734824180603,1.190742254257202,0.8850997090339661,4129.0
603,SHTFG,10/15/2018,Pre,214_2,9,203.0,1.7080368995666504,0.7938796877861023,0.8002117872238159,1.1907148361206057,0.8850880861282349,4143.0
604,SHTFG,10/15/2018,Pre,121_2,10,222.0,1.7130225896835327,0.7614958882331848,0.7628413438796997,1.1421349048614502,0.8645886778831482,4500.0
605,SHTFG,10/15/2018,Pre,111_2,7,160.0,1.5630171298980713,0.7254902124404907,0.741330087,1.0881253480911257,0.8408933877944946,3212.0
606,SHTFG,10/15/2018,Pre,111_2,5,227.0,1.7091131210327148,0.7570733428001404,0.7596101760864258,1.1355077028274536,0.8617313504219055,4496.0
607,SHTFG,10/15/2018,Pre,111_2,1,238.0,1.6526644229888916,0.7589564323425293,0.7628429532051086,1.138330101966858,0.8629498481750488,4683.0
608,SHTFG,10/15/2018,Pre,214_1,12,139.0,1.5860146284103394,0.7500507235527039,0.7636474967002869,1.1249619722366333,0.8571617603302002,2716.0
609,SHTFG,10/15/2018,Pre,111_2,4,244.0,1.7023993730545044,0.7598894238471985,0.7669094800949097,1.1397356986999512,0.8635534048080444,4761.0
610,SHTFG,10/15/2018,Pre,211_1,12,84.0,1.1826117038726809,0.6194531321525574,0.6734599471092224,0.9290756583213806,0.7649903297424316,1623.0
611,SHTFG,10/15/2018,Pre,214_1,13,125.0,1.581852674484253,0.7569129467010498,0.7634631395339966,1.1352522373199463,0.8616256713867188,2373.0
612,SHTFG,10/15/2018,Pre,121_2,4,202.0,1.6662606000900269,0.751098096,0.7543087601661682,1.1265439987182615,0.8578467965126038,3816.0
613,SHTFG,10/15/2018,Pre,211_2,10,206.0,1.7443915605545044,0.7998943328857422,0.8053003549575806,1.1997357606887815,0.8888139724731445,3830.0
614,SHTFG,10/15/2018,Pre,111_1,13,146.0,1.5498640537261963,0.7218595743179321,0.7345556020736694,1.0826822519302368,0.8384495377540588,2698.0
615,SHTFG,10/15/2018,Pre,214_2,6,201.0,1.7065515518188477,0.7990448474884033,0.8013610243797302,1.198457122,0.8882888555526733,3670.0
616,SHTFG,10/15/2018,Pre,111_2,2,244.0,1.7479387521743774,0.7764213681221008,0.775801957,1.1645305156707764,0.8741301894187927,4445.0
617,SHTFG,10/15/2018,Pre,214_1,8,92.0,1.3125269412994385,0.6600995659828186,0.698715091,0.990042209625244,0.7952317595481873,1662.0
618,SHTFG,10/15/2018,Pre,211_1,7,114.0,1.453266143798828,0.7088983058929443,0.7257167100906372,1.063234806060791,0.8296378254890442,2048.0
619,SHTFG,10/15/2018,Pre,211_1,5,93.0,1.5451830625534058,0.7308411002159119,0.7435146570205688,1.096147894859314,0.8444766998291016,1677.0
620,SHTFG,10/15/2018,Pre,121_2,5,185.0,1.6813856363296509,0.7459110021591187,0.7572740912437439,1.118760108947754,0.8544526696205139,3304.0
621,SHTFG,10/15/2018,Pre,214_2,1,158.0,1.5822237730026243,0.7621824145317078,0.7673349976539612,1.1431546211242676,0.8650299310684204,2775.0
622,SHTFG,10/15/2018,Pre,211_1,4,131.0,1.5510470867156982,0.728632927,0.7472550272941589,1.0928373336791992,0.8430006504058838,2257.0
623,SHTFG,10/15/2018,Pre,121_2,9,203.0,1.7872322797775269,0.7821499109268188,0.7799214124679565,1.1731199026107788,0.8777491450309753,3491.0
624,SHTFG,10/15/2018,Pre,214_1,3,121.0,1.4704861640930176,0.7067167162895203,0.7323734760284424,1.0599645376205444,0.828141987,2087.0
625,SHTFG,10/15/2018,Pre,211_2,3,102.0,1.3530091047286987,0.6482112407684326,0.6859071850776672,0.972213327884674,0.7865416407585144,1746.0
626,SHTFG,10/15/2018,Pre,111_1,2,143.0,1.5459085702896118,0.7156763076782227,0.7254741787910461,1.073405623435974,0.8342626094818115,2418.0
627,SHTFG,10/15/2018,Pre,111_1,4,122.0,1.483958364,0.7128913998603821,0.7279999852180481,1.0692284107208252,0.8323671221733093,2053.0
628,SHTFG,10/15/2018,Pre,214_1,4,133.0,1.513332724571228,0.696394682,0.7115507125854492,1.044481873512268,0.8210108280181885,2173.0
629,SHTFG,10/15/2018,Pre,121_2,6,138.0,1.6108964681625366,0.7186711430549622,0.725564718,1.0778933763504028,0.8362935185432434,2178.0
630,SHTFG,10/15/2018,Pre,214_1,7,92.0,1.3289741277694702,0.6831077933311462,0.7092198729515076,1.024549961090088,0.8117021918296814,1424.0
631,SHTFG,10/15/2018,Pre,211_1,1,147.0,1.6201361417770386,0.7503030300140381,0.7584736943244934,1.1253408193588257,0.8573266267776489,2178.0
632,SHTFG,10/15/2018,Pre,211_2,6,184.0,1.6919671297073364,0.7870540618896484,0.7913364171981812,1.1804726123809814,0.880828857,2709.0
633,SHTFG,10/15/2018,Pre,111_1,3,136.0,1.544427514076233,0.7142857313156128,0.7214241027832031,1.0713175535202026,0.8333165049552917,1955.0
634,SHTFG,10/15/2018,Pre,211_2,2,149.0,1.5222193002700806,0.7230381965637207,0.7394619584083557,1.0844435691833496,0.8392431735992432,2112.0
635,SHTFG,10/15/2018,Pre,211_1,11,78.0,1.5094512701034546,0.7124296426773071,0.7281468510627747,1.0685287714004517,0.8320510983467102,1093.0
636,SHTFG,10/15/2018,Pre,211_1,2,139.0,1.6301597356796265,0.7508038878440857,0.7603556513786316,1.1260926723480225,0.8576535582542419,1936.0
637,SHTFG,10/15/2018,Pre,111_2,6,176.0,1.5937238931655884,0.7455470561981201,0.7579341530799866,1.1182111501693726,0.8542134165763855,2454.0
638,SHTFG,10/15/2018,Pre,111_1,5,103.0,1.382510781288147,0.666595995,0.6938995718955994,0.9997879266738892,0.7999287247657776,1334.0
