Experiment,Date,Pre Post,Plot,Strip,PT Height (mm),evi_mean,ndvi_mean,gndvi_mean,savi_mean,msavi_mean,Acc_Gdd,Total Biomass (kg/ha)
Testbed,9/18/2024,Pre,14.1,1,105.45,1.14,0.56,0.62,0.84,0.72,3213.08,2277.16
Testbed,9/18/2024,Pre,14.1,3,149.32,1.16,0.56,0.62,0.84,0.72,3213.08,3006.11
Testbed,9/18/2024,Pre,14.1,7,119.71,1.24,0.59,0.63,0.89,0.74,3213.08,3195.39
Testbed,9/18/2024,Pre,14.1,11,111.19,1.25,0.59,0.63,0.89,0.75,3213.08,2596.84
Testbed,9/18/2024,Pre,14.1,12,100.31,1.2,0.57,0.62,0.85,0.72,3213.08,2597.93
Testbed,9/18/2024,Pre,14.2,3,147.23,1.2,0.58,0.63,0.88,0.74,3213.08,2290.43
Testbed,9/18/2024,Pre,14.2,4,111.49,1.21,0.58,0.63,0.87,0.73,3213.08,1961.03
Testbed,9/18/2024,Pre,14.2,9,153.1,1.32,0.61,0.64,0.91,0.76,3213.08,2698.95
Testbed,9/18/2024,Pre,14.2,10,151.63,1.32,0.61,0.65,0.92,0.76,3213.08,2750.61
Testbed,9/18/2024,Pre,14.3,3,121.06,1.22,0.59,0.63,0.88,0.74,3213.08,2257.95
Testbed,9/18/2024,Pre,14.3,4,136.24,1.26,0.6,0.64,0.9,0.75,3213.08,1924.17
Testbed,9/18/2024,Pre,14.3,9,141.07,1.28,0.6,0.63,0.9,0.75,3213.08,2785.41
Testbed,9/18/2024,Pre,14.3,10,132.57,1.24,0.59,0.63,0.89,0.74,3213.08,2336.88
Testbed,9/18/2024,Pre,14.4,3,146.13,1.23,0.59,0.63,0.88,0.74,3213.08,3427
Testbed,9/18/2024,Pre,14.4,7,93.35,1.35,0.61,0.64,0.92,0.76,3213.08,2239.42
Testbed,9/18/2024,Pre,14.4,8,141.7,1.28,0.6,0.63,0.9,0.75,3213.08,2301.77
Testbed,9/18/2024,Pre,14.4,11,125.97,1.32,0.61,0.63,0.92,0.76,3213.08,2228.46
Testbed,9/18/2024,Pre,14.4,12,147.37,1.25,0.59,0.63,0.89,0.74,3213.08,1786.03
Testbed,10/2/2024,Pre,14.4,1,149.76,1.46,0.66,0.66,1,0.8,3430.01,1966.35
Testbed,10/2/2024,Pre,14.4,2,132.12,1.46,0.67,0.67,1,0.8,3430.01,2363.74
Testbed,10/2/2024,Pre,14.4,3,147.4,1.46,0.67,0.66,1,0.8,3430.01,1793.33
Testbed,10/2/2024,Pre,14.4,4,122.19,1.45,0.66,0.66,0.98,0.79,3430.01,1674.45
Testbed,10/2/2024,Pre,14.4,5,117.31,1.4,0.66,0.65,0.99,0.79,3430.01,1549.87
Testbed,10/2/2024,Pre,14.4,6,138.67,1.48,0.66,0.67,1,0.8,3430.01,1650.35
Testbed,10/2/2024,Pre,14.4,7,99.4,1.48,0.67,0.66,1.01,0.8,3430.01,1525.41
Testbed,10/2/2024,Pre,14.4,8,114.47,1.53,0.67,0.66,1,0.8,3430.01,1652.5
Testbed,10/2/2024,Pre,14.4,9,100.7,1.55,0.68,0.68,1.02,0.81,3430.01,1440.74
Testbed,10/2/2024,Pre,14.4,10,113.17,1.56,0.68,0.66,1.03,0.81,3430.01,1389.8
Testbed,10/2/2024,Pre,14.3,1,122.53,1.58,0.69,0.67,1.03,0.81,3430.01,1866.78
Testbed,10/2/2024,Pre,14.3,2,133.8,1.62,0.73,0.69,1.09,0.84,3430.01,1536.68
Testbed,10/2/2024,Pre,14.3,3,118.15,1.57,0.69,0.68,1.04,0.82,3430.01,1860.21
Testbed,10/2/2024,Pre,14.3,4,133.57,1.55,0.68,0.68,1.02,0.81,3430.01,1808.28
Testbed,10/2/2024,Pre,14.3,5,142.63,1.53,0.68,0.68,1.02,0.81,3430.01,2172.74
Testbed,10/2/2024,Pre,14.3,6,123.93,1.67,0.7,0.68,1.05,0.82,3430.01,2024.2
Testbed,10/2/2024,Pre,14.3,7,142.31,1.6,0.7,0.68,1.05,0.82,3430.01,2258.02
Testbed,10/2/2024,Pre,14.3,8,127.65,1.54,0.68,0.67,1.02,0.81,3430.01,1901.62
Testbed,10/2/2024,Pre,14.3,9,120.38,1.52,0.68,0.67,1.02,0.81,3430.01,1815.41
Testbed,10/2/2024,Pre,14.3,10,125.94,1.57,0.7,0.67,1.05,0.82,3430.01,2328.06
Testbed,10/2/2024,Pre,14.2,1,106.21,1.66,0.72,0.69,1.08,0.84,3430.01,958.89
Testbed,10/2/2024,Pre,14.2,2,136.26,1.62,0.71,0.69,1.07,0.83,3430.01,1834.24
Testbed,10/2/2024,Pre,14.2,3,108.31,1.65,0.7,0.68,1.05,0.83,3430.01,2037.73
Testbed,10/2/2024,Pre,14.2,4,123.74,1.57,0.69,0.67,1.03,0.81,3430.01,2134.07
Testbed,10/2/2024,Pre,14.2,5,138.3,1.57,0.7,0.67,1.05,0.82,3430.01,2042.67
Testbed,10/2/2024,Pre,14.2,6,134.76,1.58,0.69,0.66,1.03,0.81,3430.01,1978.43
Testbed,10/2/2024,Pre,14.2,7,121.95,1.58,0.69,0.66,1.04,0.82,3430.01,1605.41
Testbed,10/2/2024,Pre,14.2,8,145.25,1.51,0.68,0.67,1.03,0.81,3430.01,2007.84
Testbed,10/2/2024,Pre,14.2,9,110.56,1.55,0.69,0.68,1.03,0.82,3430.01,1534.12
Testbed,10/2/2024,Pre,14.2,10,123.35,1.53,0.69,0.67,1.03,0.81,3430.01,1667.25
Testbed,10/2/2024,Pre,14.1,1,112.5,1.68,0.73,0.7,1.09,0.84,3430.01,2402.04
Testbed,10/2/2024,Pre,14.1,2,124.86,1.67,0.71,0.69,1.07,0.83,3430.01,1991.94
Testbed,10/2/2024,Pre,14.1,3,123.25,1.55,0.69,0.68,1.04,0.82,3430.01,2776.01
Testbed,10/2/2024,Pre,14.1,4,100.44,1.61,0.7,0.67,1.05,0.82,3430.01,1818.79
Testbed,10/2/2024,Pre,14.1,5,109.41,1.64,0.71,0.69,1.07,0.83,3430.01,2317.06
Testbed,10/2/2024,Pre,14.1,6,117.97,1.52,0.69,0.67,1.04,0.82,3430.01,2366.49
Testbed,10/2/2024,Pre,14.1,7,121.72,1.56,0.7,0.67,1.05,0.82,3430.01,1885.8
Testbed,10/2/2024,Pre,14.1,8,127.71,1.59,0.71,0.68,1.06,0.83,3430.01,2162.84
Testbed,10/2/2024,Pre,14.1,9,116.59,1.68,0.72,0.67,1.07,0.83,3430.01,2026.91
Testbed,10/2/2024,Pre,14.1,10,86.32,1.52,0.69,0.67,1.04,0.82,3430.01,1360.33
Testbed,10/2/2024,Pre,28.1,1,162.79,1.61,0.69,0.68,1.04,0.82,3430.01,2696.47
Testbed,10/2/2024,Pre,28.1,2,174.29,1.59,0.71,0.68,1.06,0.83,3430.01,2740.57
Testbed,10/2/2024,Pre,28.1,3,145.6,1.72,0.74,0.69,1.12,0.85,3430.01,2886.37
Testbed,10/2/2024,Pre,28.1,4,159.57,1.78,0.73,0.69,1.1,0.85,3430.01,3348.04
Testbed,10/2/2024,Pre,28.1,8,159.71,1.73,0.74,0.7,1.11,0.85,3430.01,3307.41
Testbed,10/2/2024,Pre,28.1,9,190.06,1.63,0.73,0.7,1.1,0.84,3430.01,3336.69
Testbed,10/2/2024,Pre,28.1,10,150.5,1.72,0.73,0.7,1.1,0.85,3430.01,3499.72
Testbed,10/2/2024,Pre,28.2,1,179.38,1.77,0.73,0.71,1.1,0.85,3430.01,2734.82
Testbed,10/2/2024,Pre,28.2,2,177.52,1.57,0.69,0.67,1.03,0.82,3430.01,2493.66
Testbed,10/2/2024,Pre,28.2,3,180.74,1.56,0.7,0.68,1.05,0.82,3430.01,2610.66
Testbed,10/2/2024,Pre,28.2,4,172.59,1.84,0.74,0.71,1.11,0.85,3430.01,2012.03
Testbed,10/2/2024,Pre,28.2,5,214.32,1.76,0.74,0.7,1.11,0.85,3430.01,2894.17
Testbed,10/2/2024,Pre,28.2,6,204.04,1.6,0.71,0.69,1.07,0.83,3430.01,2564.47
Testbed,10/2/2024,Pre,28.2,7,118.43,1.77,0.74,0.7,1.1,0.85,3430.01,2048.72
Testbed,10/2/2024,Pre,28.2,8,192.66,1.77,0.75,0.7,1.13,0.86,3430.01,3095.47
Testbed,10/2/2024,Pre,28.2,9,255.73,1.92,0.77,0.71,1.15,0.87,3430.01,2442.83
Testbed,10/2/2024,Pre,28.2,10,161.92,1.68,0.74,0.71,1.11,0.85,3430.01,2161.64
Testbed,10/2/2024,Pre,28.3,1,185.07,1.78,0.73,0.69,1.1,0.85,3430.01,3166.19
Testbed,10/2/2024,Pre,28.3,2,200.43,1.79,0.76,0.71,1.13,0.86,3430.01,2664.07
Testbed,10/2/2024,Pre,28.3,3,265.05,1.73,0.73,0.7,1.1,0.85,3430.01,3459.66
Testbed,10/2/2024,Pre,28.3,4,151.62,1.82,0.75,0.7,1.12,0.86,3430.01,3298.78
Testbed,10/2/2024,Pre,28.3,5,165.61,1.89,0.76,0.71,1.14,0.86,3430.01,3168.73
Testbed,10/2/2024,Pre,28.3,6,202.75,1.77,0.74,0.71,1.12,0.85,3430.01,3144.29
Testbed,10/2/2024,Pre,28.3,7,199.88,1.71,0.73,0.71,1.1,0.85,3430.01,2405.17
Testbed,10/2/2024,Pre,28.3,8,199.92,1.79,0.75,0.7,1.13,0.86,3430.01,2595.42
Testbed,10/2/2024,Pre,28.3,9,211.12,1.86,0.77,0.71,1.15,0.87,3430.01,2601.74
Testbed,10/2/2024,Pre,28.3,10,196.56,1.81,0.75,0.71,1.13,0.86,3430.01,2540.07
Testbed,10/2/2024,Pre,28.4,1,238.07,1.8,0.76,0.71,1.14,0.86,3430.01,3045.88
Testbed,10/2/2024,Pre,28.4,2,261.76,1.79,0.76,0.72,1.14,0.86,3430.01,3247.73
Testbed,10/2/2024,Pre,28.4,3,171.91,1.81,0.76,0.72,1.14,0.86,3430.01,2644.12
Testbed,10/2/2024,Pre,28.4,5,224.34,1.88,0.77,0.72,1.15,0.87,3430.01,2739.13
Testbed,10/2/2024,Pre,28.4,6,184.85,1.65,0.74,0.7,1.11,0.85,3430.01,2439.06
Testbed,10/2/2024,Pre,28.4,7,202.85,1.67,0.73,0.69,1.09,0.84,3430.01,3740.36
Testbed,10/2/2024,Pre,28.4,8,237.62,1.79,0.75,0.71,1.13,0.86,3430.01,3209.49
Testbed,10/2/2024,Pre,28.4,9,164.83,1.81,0.76,0.7,1.14,0.86,3430.01,2327.94
Testbed,10/2/2024,Pre,28.4,10,174.84,1.64,0.73,0.7,1.09,0.84,3430.01,2266.09
Testbed,10/17/2024,Pre,14.1,1,59.34,1.36,0.66,0.65,0.98,0.79,3604.62,1543.33
Testbed,10/17/2024,Pre,14.1,2,65.95,1.27,0.64,0.66,0.96,0.78,3604.62,1465.04
Testbed,10/17/2024,Pre,14.1,3,64.99,1.2,0.62,0.66,0.93,0.77,3604.62,1457.19
Testbed,10/17/2024,Pre,14.1,4,47.79,1.2,0.61,0.64,0.92,0.76,3604.62,2064.4
Testbed,10/17/2024,Pre,14.1,5,69.42,1.07,0.57,0.62,0.86,0.73,3604.62,3026.37
Testbed,10/17/2024,Pre,14.1,6,66.06,0.99,0.53,0.59,0.8,0.7,3604.62,1478.08
Testbed,10/17/2024,Pre,14.1,7,44.22,1.04,0.57,0.63,0.85,0.72,3604.62,2571
Testbed,10/17/2024,Pre,14.1,8,55.92,0.96,0.54,0.61,0.81,0.7,3604.62,1782.55
Testbed,10/17/2024,Pre,14.1,9,76.35,0.94,0.53,0.6,0.79,0.69,3604.62,1996.7
Testbed,10/17/2024,Pre,14.1,11,47.23,1.15,0.59,0.62,0.89,0.74,3604.62,1796.46
Testbed,10/17/2024,Pre,14.1,12,48.94,0.93,0.52,0.58,0.78,0.69,3604.62,1312.21
Testbed,10/17/2024,Pre,14.2,1,54.09,1.13,0.59,0.63,0.89,0.74,3604.62,1538.66
Testbed,10/17/2024,Pre,14.2,2,66.26,1.29,0.64,0.67,0.96,0.78,3604.62,1439.26
Testbed,10/17/2024,Pre,14.2,3,57.13,1.11,0.6,0.65,0.9,0.75,3604.62,1636.09
Testbed,10/17/2024,Pre,14.2,4,57.13,1.11,0.6,0.65,0.9,0.75,3604.62,1490.89
Testbed,10/17/2024,Pre,14.2,5,65.38,1.02,0.56,0.61,0.84,0.72,3604.62,1376.66
Testbed,10/17/2024,Pre,14.2,6,75.83,1.08,0.57,0.62,0.86,0.73,3604.62,1882.59
Testbed,10/17/2024,Pre,14.2,7,46.05,1.09,0.58,0.63,0.87,0.73,3604.62,1179.38
Testbed,10/17/2024,Pre,14.2,8,47.3,1,0.55,0.6,0.82,0.71,3604.62,1513.93
Testbed,10/17/2024,Pre,14.2,9,54.71,1.01,0.55,0.6,0.83,0.71,3604.62,1308.58
Testbed,10/17/2024,Pre,14.2,10,60.16,1.09,0.57,0.63,0.86,0.73,3604.62,1720.61
Testbed,10/17/2024,Pre,14.2,11,46.71,1.29,0.64,0.65,0.96,0.78,3604.62,2005.65
Testbed,10/17/2024,Pre,14.2,12,57.87,1.14,0.6,0.62,0.9,0.75,3604.62,1553.85
Testbed,10/17/2024,Pre,14.3,1,59.63,1.04,0.56,0.61,0.84,0.72,3604.62,2214.88
Testbed,10/17/2024,Pre,14.3,2,68.48,1,0.55,0.61,0.82,0.71,3604.62,1472.87
Testbed,10/17/2024,Pre,14.3,3,55.12,1.03,0.56,0.6,0.84,0.72,3604.62,1814.55
Testbed,10/17/2024,Pre,14.3,4,35.23,1.02,0.55,0.61,0.83,0.71,3604.62,1869.27
Testbed,10/17/2024,Pre,14.3,5,54.3,1,0.55,0.61,0.83,0.71,3604.62,1531.32
Testbed,10/17/2024,Pre,14.3,6,49.26,1.05,0.56,0.63,0.85,0.72,3604.62,1223.52
Testbed,10/17/2024,Pre,14.3,7,66.06,1.22,0.62,0.66,0.94,0.77,3604.62,1861.9
Testbed,10/17/2024,Pre,14.3,8,60.34,1,0.55,0.6,0.82,0.71,3604.62,1756.35
Testbed,10/17/2024,Pre,14.3,9,54.35,1.01,0.56,0.61,0.83,0.71,3604.62,1777.18
Testbed,10/17/2024,Pre,14.3,10,55.61,1.02,0.57,0.61,0.86,0.73,3604.62,1300.48
Testbed,10/17/2024,Pre,14.3,11,43.05,1.28,0.64,0.63,0.95,0.78,3604.62,1713.57
Testbed,10/17/2024,Pre,14.3,12,49.78,1.09,0.58,0.63,0.87,0.74,3604.62,2023.69
Testbed,10/17/2024,Pre,14.4,1,68.13,1.23,0.63,0.65,0.94,0.77,3604.62,1924.91
Testbed,10/17/2024,Pre,14.4,2,71.25,1.24,0.62,0.66,0.94,0.77,3604.62,1472.46
Testbed,10/17/2024,Pre,14.4,3,52.64,1.19,0.61,0.63,0.91,0.76,3604.62,1187.68
Testbed,10/17/2024,Pre,14.4,4,49.6,1.01,0.55,0.6,0.82,0.71,3604.62,2798.84
Testbed,10/17/2024,Pre,14.4,5,63.42,1.03,0.56,0.61,0.83,0.72,3604.62,1666.2
Testbed,10/17/2024,Pre,14.4,6,46.86,1,0.55,0.6,0.82,0.71,3604.62,1854.25
Testbed,10/17/2024,Pre,14.4,7,42.66,1.06,0.58,0.62,0.87,0.73,3604.62,1695.37
Testbed,10/17/2024,Pre,14.4,8,45.22,0.99,0.54,0.61,0.81,0.7,3604.62,1718.6
Testbed,10/17/2024,Pre,14.4,9,45.66,1,0.55,0.61,0.82,0.71,3604.62,2723.87
Testbed,10/17/2024,Pre,14.4,10,53.57,1.02,0.56,0.62,0.84,0.72,3604.62,1390.84
Testbed,10/17/2024,Pre,14.4,11,38.87,1.31,0.65,0.67,0.98,0.79,3604.62,1884.19
Testbed,10/17/2024,Pre,14.4,12,42.39,1.07,0.57,0.65,0.86,0.73,3604.62,1901.05
Testbed,10/17/2024,Pre,42.3,1,190.6,1.23,0.63,0.65,0.94,0.77,3604.62,2904.67
Testbed,10/17/2024,Pre,42.3,2,190.6,1.23,0.63,0.65,0.94,0.77,3604.62,2902.6
Testbed,10/17/2024,Pre,42.3,3,200.84,1.35,0.68,0.67,1.02,0.81,3604.62,2739.84
Testbed,10/17/2024,Pre,42.3,4,200.84,1.35,0.68,0.67,1.02,0.81,3604.62,3328.43
Testbed,10/17/2024,Pre,42.3,5,111.9,1.3,0.66,0.67,0.98,0.79,3604.62,2922.85
Testbed,10/17/2024,Pre,42.3,6,151.06,1.42,0.71,0.71,1.06,0.83,3604.62,2352.73
Testbed,10/17/2024,Pre,42.3,7,144.74,1.45,0.71,0.71,1.07,0.83,3604.62,2205.95
Testbed,10/17/2024,Pre,42.3,8,149.14,1.43,0.7,0.68,1.05,0.82,3604.62,2386.29
Testbed,10/17/2024,Pre,42.3,9,177.79,1.38,0.68,0.68,1.02,0.81,3604.62,2274.69
Testbed,10/17/2024,Pre,42.3,10,149.73,1.55,0.73,0.72,1.09,0.84,3604.62,2332.85
Testbed,10/17/2024,Pre,42.3,11,169.79,1.61,0.74,0.71,1.12,0.85,3604.62,3021.18
Testbed,10/17/2024,Pre,42.3,12,167.93,1.56,0.73,0.7,1.09,0.84,3604.62,2730.42
Testbed,10/17/2024,Pre,42.3,13,148.06,1.46,0.7,0.69,1.05,0.82,3604.62,3056.25
Testbed,10/17/2024,Pre,42.3,14,158.62,1.59,0.74,0.71,1.11,0.85,3604.62,2889.01
Testbed,10/17/2024,Pre,42.3,15,174.82,1.62,0.75,0.72,1.13,0.86,3604.62,3057.96
Testbed,10/17/2024,Pre,42.3,16,146.39,1.6,0.74,0.71,1.11,0.85,3604.62,2821.61
Testbed,10/17/2024,Pre,42.3,18,212.37,1.59,0.74,0.71,1.11,0.85,3604.62,3550.59
Testbed,10/17/2024,Pre,42.3,19,181.21,1.59,0.74,0.72,1.12,0.85,3604.62,3075.59
Testbed,10/17/2024,Pre,42.3,20,181.21,1.59,0.74,0.72,1.12,0.85,3604.62,2942.03
Testbed,10/17/2024,Pre,42.3,21,182.94,1.48,0.72,0.7,1.08,0.84,3604.62,2656.15
Testbed,10/17/2024,Pre,42.3,22,200.37,1.75,0.76,0.72,1.14,0.86,3604.62,3634.43
Testbed,10/17/2024,Pre,42.2,1,188.89,1.3,0.65,0.66,0.97,0.79,3604.62,3384.73
Testbed,10/17/2024,Pre,42.2,3,217.87,1.31,0.66,0.68,0.99,0.8,3604.62,3014.17
Testbed,10/17/2024,Pre,42.2,4,203.66,1.35,0.67,0.68,1,0.8,3604.62,2516.73
Testbed,10/17/2024,Pre,42.2,5,154.76,1.38,0.68,0.68,1.01,0.81,3604.62,2432.45
Testbed,10/17/2024,Pre,42.2,6,182.51,1.45,0.71,0.69,1.06,0.83,3604.62,3284.78
Testbed,10/17/2024,Pre,42.2,7,170.62,1.56,0.73,0.69,1.09,0.84,3604.62,2725.95
Testbed,10/17/2024,Pre,42.2,8,133.89,1.49,0.7,0.7,1.05,0.82,3604.62,1996.56
Testbed,10/17/2024,Pre,42.2,9,221.32,1.4,0.69,0.69,1.03,0.81,3604.62,3811.3
Testbed,10/17/2024,Pre,42.2,10,167.15,1.59,0.74,0.69,1.11,0.85,3604.62,2079.81
Testbed,10/17/2024,Pre,42.2,11,168.38,1.55,0.73,0.69,1.09,0.84,3604.62,3226.26
Testbed,10/17/2024,Pre,42.2,12,190.58,1.44,0.71,0.7,1.07,0.83,3604.62,3245.28
Testbed,10/17/2024,Pre,42.2,13,203.87,1.4,0.69,0.7,1.03,0.82,3604.62,3628.07
Testbed,10/17/2024,Pre,42.2,14,186.67,1.61,0.75,0.7,1.12,0.86,3604.62,3399.89
Testbed,10/17/2024,Pre,42.2,15,221.25,1.52,0.72,0.69,1.09,0.84,3604.62,3192.88
Testbed,10/17/2024,Pre,42.2,16,197.57,1.57,0.74,0.7,1.11,0.85,3604.62,2622.5
Testbed,10/17/2024,Pre,42.2,17,181.8,1.52,0.71,0.69,1.07,0.83,3604.62,3076.05
Testbed,10/17/2024,Pre,42.2,18,196.94,1.57,0.73,0.69,1.1,0.84,3604.62,3749.94
Testbed,10/17/2024,Pre,42.2,19,179.38,1.43,0.71,0.69,1.06,0.83,3604.62,2754.88
Testbed,10/17/2024,Pre,42.2,20,218.34,1.62,0.74,0.71,1.12,0.85,3604.62,3365.99
Testbed,10/17/2024,Pre,42.2,21,208.99,1.58,0.73,0.7,1.1,0.84,3604.62,3056.27
Testbed,10/17/2024,Pre,42.2,22,229.13,1.61,0.74,0.71,1.11,0.85,3604.62,3387.45
Testbed,10/17/2024,Pre,42.4,1,172.93,1.41,0.68,0.67,1.02,0.81,3604.62,3029.64
Testbed,10/17/2024,Pre,42.4,4,141.3,1.43,0.7,0.68,1.06,0.83,3604.62,2642.26
Testbed,10/17/2024,Pre,42.4,5,132.59,1.39,0.67,0.66,1.01,0.81,3604.62,3476.15
Testbed,10/17/2024,Pre,42.4,6,143.47,1.53,0.72,0.71,1.08,0.84,3604.62,2789.52
Testbed,10/17/2024,Pre,42.4,9,178.07,1.4,0.67,0.66,1.01,0.81,3604.62,3515.91
Testbed,10/17/2024,Pre,42.4,12,209.71,1.61,0.73,0.71,1.09,0.84,3604.62,3187.57
Testbed,10/17/2024,Pre,42.4,14,225.37,1.41,0.7,0.7,1.06,0.83,3604.62,3364.53
Testbed,10/17/2024,Pre,42.4,15,181.21,1.33,0.68,0.68,1.02,0.81,3604.62,2659.39
Testbed,10/17/2024,Pre,42.4,18,191.96,1.35,0.69,0.69,1.04,0.82,3604.62,2885.75
Testbed,10/17/2024,Pre,42.4,19,194.41,1.32,0.68,0.67,1.02,0.81,3604.62,2504.98
Testbed,10/17/2024,Pre,42.4,22,145.17,1.35,0.68,0.68,1.01,0.81,3604.62,2327.17
Testbed,10/17/2024,Pre,42.1,1,143,1.57,0.73,0.72,1.1,0.84,3604.62,3028.57
Testbed,10/17/2024,Pre,42.1,2,143,1.57,0.73,0.72,1.1,0.84,3604.62,2599.29
Testbed,10/17/2024,Pre,42.1,4,100.11,1.47,0.71,0.71,1.07,0.83,3604.62,2315.08
Testbed,10/17/2024,Pre,42.1,5,127.34,1.51,0.72,0.71,1.08,0.84,3604.62,2280.64
Testbed,10/17/2024,Pre,42.1,6,112.23,1.51,0.72,0.72,1.09,0.84,3604.62,2162.2
Testbed,10/17/2024,Pre,42.1,7,154.64,1.34,0.68,0.7,1.02,0.81,3604.62,2640.66
Testbed,10/17/2024,Pre,42.1,8,189.52,1.52,0.72,0.71,1.09,0.84,3604.62,2817.04
Testbed,10/17/2024,Pre,42.1,9,191.75,1.34,0.68,0.69,1.02,0.81,3604.62,2471.66
Testbed,10/17/2024,Pre,42.1,10,243.31,1.46,0.72,0.69,1.07,0.83,3604.62,3090.16
Testbed,10/17/2024,Pre,42.1,11,209.07,1.34,0.68,0.69,1.02,0.81,3604.62,3036.11
Testbed,10/17/2024,Pre,42.1,12,205.95,1.46,0.72,0.72,1.08,0.84,3604.62,3460.61
Testbed,10/17/2024,Pre,42.1,13,181.53,1.39,0.7,0.7,1.05,0.82,3604.62,2401.4
Testbed,10/17/2024,Pre,42.1,14,177.97,1.48,0.72,0.7,1.08,0.84,3604.62,2662.67
Testbed,10/17/2024,Pre,42.1,15,183.8,1.37,0.67,0.68,1.01,0.8,3604.62,2760.93
Testbed,10/17/2024,Pre,42.1,17,115.39,1.35,0.69,0.69,1.03,0.81,3604.62,2013.18
Testbed,10/17/2024,Pre,42.1,18,160.25,1.47,0.72,0.71,1.07,0.83,3604.62,2630.61
Testbed,10/17/2024,Pre,42.1,19,165.5,1.35,0.66,0.67,0.99,0.79,3604.62,3007.74
Testbed,10/17/2024,Pre,42.1,20,173.88,1.4,0.69,0.69,1.03,0.82,3604.62,2078.26
Testbed,10/17/2024,Pre,42.1,21,144.71,1.34,0.68,0.68,1.01,0.81,3604.62,2504.83
Testbed,10/17/2024,Pre,42.1,22,174.82,1.4,0.69,0.68,1.04,0.82,3604.62,2584.95
Testbed,10/30/2024,Pre,28.1,1,31.85,1.19,0.45,0.47,0.68,0.62,3763.28,1515.88
Testbed,10/30/2024,Pre,28.1,2,31.85,1.19,0.45,0.47,0.68,0.62,3763.28,1324.25
Testbed,10/30/2024,Pre,28.1,3,19.16,1.15,0.44,0.48,0.66,0.61,3763.28,1082.19
Testbed,10/30/2024,Pre,28.1,4,36.9,1.19,0.45,0.48,0.67,0.62,3763.28,1685.27
Testbed,10/30/2024,Pre,28.1,5,32.46,1.12,0.43,0.46,0.64,0.6,3763.28,1070.15
Testbed,10/31/2024,Pre,28.1,6,33.76,1.11,0.43,0.46,0.64,0.6,3769.41,1185.75
Testbed,10/31/2024,Pre,28.1,7,31.33,1.09,0.42,0.46,0.63,0.59,3769.41,1495.11
Testbed,10/31/2024,Pre,28.1,8,32.17,1.09,0.42,0.45,0.63,0.59,3769.41,1091.54
Testbed,10/31/2024,Pre,28.1,9,28.19,1.13,0.43,0.46,0.65,0.61,3769.41,1126.73
Testbed,10/31/2024,Pre,28.1,11,22.53,1.05,0.43,0.47,0.64,0.6,3769.41,1673.14
Testbed,10/31/2024,Pre,28.1,12,29.38,1.13,0.43,0.46,0.65,0.6,3769.41,1405.49
Testbed,10/31/2024,Pre,28.1,13,31.7,1.13,0.43,0.46,0.64,0.6,3769.41,1395.25
Testbed,11/1/2024,Pre,28.1,14,31.7,1.13,0.43,0.46,0.64,0.6,3774.59,1183.33
Testbed,11/1/2024,Pre,28.1,15,35.61,1.16,0.44,0.46,0.66,0.61,3774.59,1176.69
Testbed,11/1/2024,Pre,28.1,16,35.61,1.16,0.44,0.46,0.66,0.61,3774.59,1145.29
Testbed,11/1/2024,Pre,28.1,17,18.49,1.06,0.42,0.45,0.64,0.6,3774.59,1189.97
Testbed,11/1/2024,Pre,28.1,18,31.52,1.16,0.44,0.46,0.66,0.61,3774.59,1366.06
Testbed,11/1/2024,Pre,28.1,19,44.93,1.11,0.44,0.47,0.66,0.61,3774.59,1450.52
Testbed,11/1/2024,Pre,28.1,20,44.93,1.11,0.44,0.47,0.66,0.61,3774.59,1537.25
Testbed,11/1/2024,Pre,28.1,22,32.17,1.12,0.43,0.46,0.65,0.61,3774.59,1287.93
Testbed,11/1/2024,Pre,28.2,1,39.52,1.19,0.45,0.47,0.68,0.62,3774.59,1785.52
Testbed,11/1/2024,Pre,28.2,2,36.68,1.12,0.43,0.46,0.65,0.6,3774.59,1660.99
Testbed,11/1/2024,Pre,28.2,3,36.48,1.18,0.44,0.48,0.67,0.62,3774.59,1411.04
Testbed,11/1/2024,Pre,28.2,4,29.72,1.16,0.44,0.47,0.66,0.61,3774.59,1725.21
Testbed,11/1/2024,Pre,28.2,5,40.88,1.13,0.45,0.47,0.67,0.62,3774.59,1822.83
Testbed,11/1/2024,Pre,28.2,6,41.06,1.12,0.44,0.47,0.66,0.61,3774.59,1749.7
Testbed,11/1/2024,Pre,28.2,7,51.58,1.18,0.44,0.48,0.67,0.62,3774.59,1347.37
Testbed,11/1/2024,Pre,28.2,8,30.5,1.16,0.44,0.47,0.66,0.61,3774.59,1797.25
Testbed,11/1/2024,Pre,28.2,9,36.01,1.19,0.45,0.48,0.68,0.62,3774.59,1477.43
Testbed,11/1/2024,Pre,28.2,10,34.11,1.21,0.45,0.48,0.67,0.62,3774.59,1988.01
Testbed,11/1/2024,Pre,28.2,11,28.51,1.06,0.43,0.46,0.64,0.6,3774.59,1476.09
Testbed,11/1/2024,Pre,28.2,12,26.95,1.25,0.45,0.48,0.68,0.63,3774.59,1392.13
Testbed,11/1/2024,Pre,28.2,13,32.48,1.18,0.46,0.49,0.69,0.63,3774.59,1380.52
Testbed,11/1/2024,Pre,28.2,14,36.29,1.16,0.44,0.47,0.67,0.62,3774.59,1657.59
Testbed,11/1/2024,Pre,28.2,15,35.57,1.18,0.45,0.48,0.67,0.62,3774.59,1207.35
Testbed,11/1/2024,Pre,28.2,16,21.82,1.19,0.46,0.49,0.68,0.63,3774.59,1180.66
Testbed,11/1/2024,Pre,28.2,17,42.63,1.2,0.46,0.48,0.69,0.63,3774.59,1197.2
Testbed,11/1/2024,Pre,28.2,18,41.13,1.21,0.45,0.48,0.68,0.62,3774.59,1366.42
Testbed,11/1/2024,Pre,28.2,19,31.75,1.22,0.46,0.48,0.69,0.63,3774.59,1572.6
Testbed,11/1/2024,Pre,28.2,20,30.23,1.24,0.46,0.48,0.69,0.63,3774.59,1444.04
Testbed,11/1/2024,Pre,28.2,21,51.62,1.31,0.48,0.49,0.72,0.65,3774.59,1414.29
Testbed,11/1/2024,Pre,28.2,22,41.46,1.24,0.46,0.49,0.69,0.63,3774.59,1556.77
Testbed,11/1/2024,Pre,28.3,1,21.17,1.27,0.48,0.5,0.71,0.64,3774.59,1388.61
Testbed,11/1/2024,Pre,28.3,2,20.35,1.33,0.48,0.49,0.71,0.64,3774.59,1310.27
Testbed,11/1/2024,Pre,28.3,3,26.9,1.07,0.43,0.47,0.64,0.6,3774.59,1316.51
Testbed,11/1/2024,Pre,28.3,4,44.52,1.21,0.44,0.46,0.67,0.62,3774.59,1668.59
Testbed,11/1/2024,Pre,28.3,5,40.15,1.18,0.45,0.46,0.67,0.62,3774.59,1634.53
Testbed,11/1/2024,Pre,28.3,6,30.98,1.16,0.45,0.47,0.67,0.62,3774.59,1088.74
Testbed,11/1/2024,Pre,28.3,7,43,1.21,0.44,0.47,0.66,0.61,3774.59,1139.12
Testbed,11/1/2024,Pre,28.3,8,41.15,1.2,0.45,0.47,0.67,0.62,3774.59,1161.3
Testbed,11/1/2024,Pre,28.3,9,34.76,1.22,0.45,0.47,0.67,0.62,3774.59,1582.87
Testbed,11/1/2024,Pre,28.3,10,30.62,1.14,0.45,0.48,0.67,0.62,3774.59,1899.48
Testbed,11/1/2024,Pre,28.3,11,28.92,1.23,0.45,0.48,0.68,0.62,3774.59,1678.71
Testbed,11/1/2024,Pre,28.3,12,39.18,1.15,0.45,0.47,0.67,0.62,3774.59,1290.92
Testbed,11/1/2024,Pre,28.3,13,40.27,1.22,0.44,0.47,0.67,0.61,3774.59,1525.34
Testbed,11/1/2024,Pre,28.3,14,36.87,1.22,0.46,0.48,0.69,0.63,3774.59,1544.57
Testbed,11/1/2024,Pre,28.3,15,51.81,1.1,0.44,0.48,0.66,0.61,3774.59,1094.18
Testbed,11/1/2024,Pre,28.3,16,35.87,1.18,0.45,0.48,0.68,0.62,3774.59,1096.17
Testbed,11/1/2024,Pre,28.3,17,25.59,1.18,0.43,0.46,0.65,0.61,3774.59,1135.64
Testbed,11/1/2024,Pre,28.3,18,35.65,1.26,0.47,0.49,0.7,0.64,3774.59,1097.8
Testbed,11/1/2024,Pre,28.3,19,48.95,1.19,0.46,0.49,0.69,0.63,3774.59,1480.69
Testbed,11/1/2024,Pre,28.3,20,34.19,1.27,0.47,0.48,0.7,0.64,3774.59,1225.3
Testbed,11/1/2024,Pre,28.3,21,31.75,1.14,0.44,0.47,0.65,0.61,3774.59,1128.84
Testbed,11/1/2024,Pre,28.3,22,34.59,1.19,0.46,0.49,0.69,0.63,3774.59,1338.21
Testbed,11/1/2024,Pre,28.4,1,47.7,1.24,0.47,0.49,0.7,0.63,3774.59,1403.47
Testbed,11/1/2024,Pre,28.4,2,39.87,1.25,0.47,0.49,0.71,0.64,3774.59,1341.72
Testbed,11/1/2024,Pre,28.4,3,48.6,1.19,0.46,0.48,0.69,0.63,3774.59,1331.69
Testbed,11/1/2024,Pre,28.4,4,38.99,1.22,0.46,0.48,0.69,0.63,3774.59,1189.61
Testbed,11/1/2024,Pre,28.4,5,47.89,1.21,0.46,0.48,0.68,0.63,3774.59,1307.53
Testbed,11/1/2024,Pre,28.4,6,37.43,1.21,0.46,0.47,0.69,0.63,3774.59,1866.56
Testbed,11/1/2024,Pre,28.4,7,31.72,1.18,0.45,0.48,0.68,0.62,3774.59,1388.43
Testbed,11/1/2024,Pre,28.4,8,29.63,1.19,0.46,0.48,0.7,0.63,3774.59,1288.75
Testbed,11/1/2024,Pre,28.4,9,38.61,1.16,0.45,0.47,0.68,0.62,3774.59,1254.77
Testbed,11/1/2024,Pre,28.4,10,26.22,1.22,0.46,0.48,0.69,0.63,3774.59,1201.29
Testbed,11/1/2024,Pre,28.4,11,38.05,1.18,0.45,0.47,0.68,0.62,3774.59,1334.56
Testbed,11/1/2024,Pre,28.4,12,35.49,1.23,0.46,0.48,0.69,0.63,3774.59,1169.12
Testbed,11/1/2024,Pre,28.4,13,55.81,1.13,0.44,0.47,0.67,0.62,3774.59,1377.02
Testbed,11/1/2024,Pre,28.4,14,44.5,1.19,0.45,0.47,0.68,0.63,3774.59,1345.24
Testbed,11/1/2024,Pre,28.4,15,34.85,1.16,0.45,0.47,0.67,0.62,3774.59,1344.31
Testbed,11/1/2024,Pre,28.4,16,40.02,1.19,0.45,0.47,0.67,0.62,3774.59,1396.73
Testbed,11/1/2024,Pre,28.4,17,40.98,1.06,0.43,0.46,0.65,0.6,3774.59,1595.31
Testbed,11/1/2024,Pre,28.4,18,34.88,1.15,0.44,0.46,0.67,0.61,3774.59,1663.27
Testbed,11/1/2024,Pre,28.4,19,40.84,1.1,0.44,0.46,0.65,0.61,3774.59,1356.82
Testbed,11/1/2024,Pre,28.4,20,41.15,1.1,0.44,0.46,0.65,0.61,3774.59,1431.21
Testbed,11/1/2024,Pre,28.4,21,44.63,1.02,0.42,0.46,0.63,0.59,3774.59,1476.08
Testbed,11/1/2024,Pre,28.4,22,39.54,1.13,0.44,0.46,0.66,0.61,3774.59,1893.92
SHTFG,8/24/2018,Pre,121_1,12,33,1.71,0.58,0.59,0.88,0.74,2471.35,1247
SHTFG,8/10/2018,Pre,214_1,8,58,1.3,0.63,0.67,0.95,0.78,2209.95,2172
SHTFG,8/10/2018,Pre,211_2,2,47,1.29,0.61,0.65,0.92,0.76,2209.95,1775
SHTFG,8/24/2018,Pre,121_1,10,32,1.6,0.56,0.57,0.83,0.72,2471.35,1175
SHTFG,8/24/2018,Pre,211_1,6,57,1.63,0.59,0.6,0.88,0.74,2471.35,2109
SHTFG,8/10/2018,Pre,214_1,9,33,1.17,0.57,0.63,0.86,0.73,2209.95,1192
SHTFG,8/10/2018,Pre,214_1,4,56,1.33,0.64,0.67,0.96,0.78,2209.95,2036
SHTFG,8/10/2018,Pre,211_2,8,99,1.48,0.68,0.7,1.02,0.81,2209.95,3551
SHTFG,8/10/2018,Pre,121_1,4,55,1.18,0.59,0.64,0.89,0.74,2209.95,1970
SHTFG,8/24/2018,Pre,211_1,11,40,1.61,0.57,0.58,0.86,0.73,2471.35,1435
SHTFG,8/24/2018,Pre,121_2,8,35,1.63,0.57,0.58,0.86,0.73,2471.35,1214
SHTFG,8/24/2018,Pre,211_2,3,67,1.88,0.63,0.62,0.95,0.77,2471.35,2321
SHTFG,8/24/2018,Pre,211_2,10,39,1.73,0.59,0.61,0.89,0.74,2471.35,1341
SHTFG,11/7/2018,Pre,111_2,7,81,1.62,0.67,0.68,1.01,0.8,3358.76,2787
SHTFG,8/10/2018,Pre,121_2,10,62,1.34,0.65,0.68,0.97,0.79,2209.95,2127
SHTFG,8/10/2018,Pre,214_2,1,103,1.54,0.71,0.72,1.06,0.83,2209.95,3524
SHTFG,8/10/2018,Pre,211_2,1,28,1.21,0.58,0.63,0.86,0.73,2209.95,955
SHTFG,8/10/2018,Pre,211_1,9,40,1.37,0.63,0.67,0.95,0.78,2209.95,1325
SHTFG,8/10/2018,Pre,214_1,10,36,1.28,0.6,0.64,0.9,0.75,2209.95,1172
SHTFG,8/24/2018,Pre,121_1,5,40,1.53,0.55,0.57,0.83,0.71,2471.35,1291
SHTFG,8/24/2018,Pre,211_1,7,54,1.64,0.59,0.6,0.89,0.74,2471.35,1738
SHTFG,8/10/2018,Pre,111_2,3,97,1.45,0.68,0.71,1.02,0.81,2209.95,3092
SHTFG,8/24/2018,Pre,111_2,6,103,1.8,0.61,0.62,0.91,0.76,2471.35,3285
SHTFG,8/10/2018,Pre,211_1,6,50,1.3,0.62,0.66,0.93,0.77,2209.95,1585
SHTFG,8/10/2018,Pre,214_1,5,58,1.32,0.63,0.66,0.94,0.77,2209.95,1832
SHTFG,8/10/2018,Pre,214_1,12,29,1.15,0.57,0.62,0.85,0.72,2209.95,918
SHTFG,8/24/2018,Pre,211_2,4,93,1.8,0.62,0.62,0.93,0.77,2471.35,2963
SHTFG,11/7/2018,Pre,111_1,8,72,1.29,0.58,0.61,0.87,0.73,3358.76,2242
SHTFG,8/24/2018,Pre,111_2,5,103,1.82,0.62,0.62,0.93,0.77,2471.35,3237
SHTFG,8/10/2018,Pre,111_2,1,56,1.34,0.63,0.66,0.94,0.77,2209.95,1756
SHTFG,8/24/2018,Pre,121_2,6,92,1.71,0.6,0.61,0.9,0.75,2471.35,2860
SHTFG,8/10/2018,Pre,211_2,10,28,1.12,0.56,0.62,0.83,0.71,2209.95,877
SHTFG,8/10/2018,Pre,211_1,2,28,1.11,0.55,0.62,0.83,0.71,2209.95,863
SHTFG,8/10/2018,Pre,121_1,12,28,1.17,0.55,0.6,0.83,0.71,2209.95,858
SHTFG,8/10/2018,Pre,121_1,3,33,1.07,0.53,0.59,0.8,0.7,2209.95,1009
SHTFG,8/10/2018,Pre,211_2,7,96,1.48,0.69,0.71,1.04,0.82,2209.95,2904
SHTFG,8/24/2018,Pre,211_1,5,58,1.72,0.59,0.6,0.88,0.74,2471.35,1750
SHTFG,8/10/2018,Pre,214_1,7,63,1.32,0.64,0.67,0.96,0.78,2209.95,1903
SHTFG,8/10/2018,Pre,121_1,8,55,1.16,0.58,0.64,0.87,0.73,2209.95,1656
SHTFG,8/10/2018,Pre,214_2,10,40,1.3,0.62,0.66,0.93,0.77,2209.95,1199
SHTFG,8/10/2018,Pre,111_1,1,36,1.19,0.59,0.64,0.88,0.74,2209.95,1075
SHTFG,8/10/2018,Pre,214_2,2,104,1.53,0.7,0.72,1.05,0.82,2209.95,3093
SHTFG,8/10/2018,Pre,111_1,10,65,1.4,0.65,0.68,0.98,0.79,2209.95,1926
SHTFG,8/24/2018,Pre,121_1,13,47,1.64,0.58,0.59,0.87,0.73,2471.35,1379
SHTFG,8/24/2018,Pre,121_1,8,57,1.66,0.58,0.59,0.86,0.73,2471.35,1678
SHTFG,9/12/2018,Pre,111_1,13,68,1.53,0.77,0.77,1.16,0.87,2827.89,2010
SHTFG,8/10/2018,Pre,111_2,2,43,1.31,0.63,0.68,0.95,0.78,2209.95,1264
SHTFG,8/24/2018,Pre,211_1,10,59,1.8,0.62,0.61,0.93,0.76,2471.35,1717
SHTFG,8/10/2018,Pre,121_1,7,55,1.2,0.59,0.64,0.89,0.74,2209.95,1619
SHTFG,8/24/2018,Pre,111_2,9,45,1.67,0.58,0.6,0.88,0.74,2471.35,1322
SHTFG,8/10/2018,Pre,121_1,2,58,1.31,0.61,0.64,0.91,0.76,2209.95,1685
SHTFG,8/24/2018,Pre,211_2,6,88,1.76,0.61,0.62,0.92,0.76,2471.35,2540
SHTFG,8/24/2018,Pre,111_2,3,90,1.68,0.6,0.61,0.9,0.75,2471.35,2599
SHTFG,8/10/2018,Pre,121_2,3,83,1.32,0.64,0.68,0.97,0.78,2209.95,2390
SHTFG,8/24/2018,Pre,111_2,4,96,1.77,0.61,0.61,0.92,0.76,2471.35,2759
SHTFG,8/10/2018,Pre,211_1,4,59,1.29,0.61,0.65,0.92,0.76,2209.95,1704
SHTFG,9/12/2018,Pre,211_1,12,74,1.45,0.74,0.75,1.11,0.85,2827.89,2118
SHTFG,8/10/2018,Pre,121_2,9,23,1.09,0.56,0.62,0.83,0.71,2209.95,651
SHTFG,8/10/2018,Pre,121_2,6,98,1.37,0.67,0.7,1.01,0.8,2209.95,2771
SHTFG,9/28/2018,Pre,214_1,8,79,1.31,0.66,0.7,0.99,0.8,3079.29,2214
SHTFG,8/10/2018,Pre,111_2,7,105,1.48,0.69,0.72,1.04,0.82,2209.95,2943
SHTFG,8/10/2018,Pre,111_1,4,66,1.34,0.64,0.68,0.96,0.78,2209.95,1829
SHTFG,8/10/2018,Pre,211_2,6,88,1.44,0.68,0.7,1.02,0.81,2209.95,2439
SHTFG,8/24/2018,Pre,211_2,5,73,1.7,0.6,0.61,0.89,0.75,2471.35,1999
SHTFG,8/10/2018,Pre,111_1,11,72,1.47,0.67,0.68,1,0.8,2209.95,1995
SHTFG,9/12/2018,Pre,111_2,6,49,1.19,0.64,0.69,0.96,0.78,2827.89,1335
SHTFG,8/10/2018,Pre,121_2,4,97,1.43,0.66,0.69,0.99,0.8,2209.95,2638
SHTFG,8/10/2018,Pre,111_2,5,105,1.48,0.69,0.71,1.03,0.82,2209.95,2833
SHTFG,8/10/2018,Pre,214_2,8,119,1.53,0.71,0.73,1.06,0.83,2209.95,3229
SHTFG,8/24/2018,Pre,121_2,3,87,1.67,0.58,0.6,0.87,0.74,2471.35,2342
SHTFG,8/10/2018,Pre,211_1,3,58,1.25,0.62,0.66,0.92,0.76,2209.95,1574
SHTFG,8/10/2018,Pre,111_1,5,65,1.39,0.64,0.68,0.97,0.78,2209.95,1727
SHTFG,8/24/2018,Pre,121_2,5,96,1.7,0.6,0.6,0.89,0.75,2471.35,2547
SHTFG,11/7/2018,Pre,111_1,1,79,1.46,0.63,0.64,0.94,0.77,3358.76,2086
SHTFG,8/10/2018,Pre,111_2,4,101,1.47,0.69,0.72,1.03,0.81,2209.95,2663
SHTFG,8/10/2018,Pre,211_2,5,77,1.32,0.63,0.68,0.94,0.77,2209.95,2019
SHTFG,8/10/2018,Pre,211_2,4,95,1.4,0.67,0.7,1,0.8,2209.95,2490
SHTFG,8/24/2018,Pre,211_2,8,31,1.38,0.55,0.57,0.82,0.71,2471.35,806
SHTFG,8/10/2018,Pre,111_1,12,71,1.36,0.66,0.69,0.98,0.79,2209.95,1831
SHTFG,8/10/2018,Pre,111_2,6,107,1.48,0.69,0.71,1.03,0.82,2209.95,2758
SHTFG,8/10/2018,Pre,121_1,5,33,1.22,0.58,0.63,0.87,0.74,2209.95,849
SHTFG,8/24/2018,Pre,111_1,6,78,1.76,0.61,0.61,0.92,0.76,2471.35,1991
SHTFG,9/12/2018,Pre,111_1,5,39,1.22,0.64,0.68,0.96,0.78,2827.89,989
SHTFG,8/24/2018,Pre,111_1,8,77,2.03,0.69,0.67,1.03,0.81,2471.35,1971
SHTFG,8/10/2018,Pre,211_1,1,27,1.11,0.56,0.62,0.84,0.72,2209.95,675
SHTFG,8/10/2018,Pre,214_1,6,59,1.33,0.63,0.67,0.95,0.78,2209.95,1499
SHTFG,8/24/2018,Pre,111_1,12,73,1.86,0.62,0.62,0.93,0.77,2471.35,1838
SHTFG,8/10/2018,Pre,211_1,7,62,1.33,0.63,0.67,0.95,0.77,2209.95,1553
SHTFG,9/12/2018,Pre,211_2,9,161,1.78,0.84,0.82,1.25,0.91,2827.89,4052
SHTFG,11/7/2018,Pre,121_2,4,199,1.67,0.68,0.7,1.03,0.81,3358.76,5002
SHTFG,8/24/2018,Pre,111_1,10,70,1.69,0.6,0.61,0.9,0.75,2471.35,1738
SHTFG,9/12/2018,Pre,111_1,11,98,1.49,0.75,0.76,1.12,0.86,2827.89,2434
SHTFG,8/10/2018,Pre,211_1,10,45,1.33,0.63,0.66,0.94,0.77,2209.95,1126
SHTFG,8/24/2018,Pre,211_2,2,60,1.94,0.62,0.61,0.93,0.77,2471.35,1477
SHTFG,9/12/2018,Pre,111_2,9,155,1.78,0.83,0.83,1.25,0.91,2827.89,3771
SHTFG,8/10/2018,Pre,121_1,13,38,1.24,0.6,0.63,0.89,0.75,2209.95,923
SHTFG,8/10/2018,Pre,214_2,4,57,1.3,0.61,0.65,0.92,0.76,2209.95,1387
SHTFG,8/10/2018,Pre,121_2,5,98,1.41,0.67,0.7,1.01,0.81,2209.95,2371
SHTFG,9/12/2018,Pre,211_1,2,74,1.5,0.75,0.77,1.13,0.86,2827.89,1784
SHTFG,8/24/2018,Pre,121_1,7,58,1.74,0.56,0.56,0.84,0.72,2471.35,1406
SHTFG,8/24/2018,Pre,211_1,12,57,1.92,0.61,0.6,0.91,0.76,2471.35,1371
SHTFG,8/10/2018,Pre,111_1,13,28,1.27,0.59,0.64,0.89,0.75,2209.95,674
SHTFG,9/12/2018,Pre,211_1,4,64,1.48,0.74,0.75,1.11,0.85,2827.89,1542
SHTFG,8/24/2018,Pre,121_2,1,54,1.68,0.59,0.59,0.88,0.74,2471.35,1286
SHTFG,9/12/2018,Pre,111_1,10,103,1.47,0.75,0.77,1.12,0.86,2827.89,2424
SHTFG,9/12/2018,Pre,111_1,3,56,1.36,0.73,0.75,1.1,0.84,2827.89,1306
SHTFG,8/10/2018,Pre,121_1,6,36,1.15,0.57,0.62,0.85,0.72,2209.95,840
SHTFG,9/12/2018,Pre,111_1,12,103,1.48,0.74,0.75,1.12,0.85,2827.89,2414
SHTFG,8/10/2018,Pre,111_1,3,64,1.38,0.64,0.68,0.96,0.78,2209.95,1500
SHTFG,9/28/2018,Pre,111_2,6,106,1.59,0.75,0.76,1.12,0.85,3079.29,2464
SHTFG,9/28/2018,Pre,211_2,6,161,1.69,0.79,0.79,1.18,0.88,3079.29,3751
SHTFG,9/12/2018,Pre,111_1,1,71,1.42,0.74,0.76,1.11,0.85,2827.89,1654
SHTFG,8/24/2018,Pre,121_1,11,32,1.58,0.56,0.59,0.84,0.72,2471.35,731
SHTFG,9/12/2018,Pre,211_2,6,90,1.59,0.77,0.78,1.15,0.87,2827.89,2036
SHTFG,8/10/2018,Pre,211_1,12,52,1.31,0.63,0.66,0.94,0.77,2209.95,1155
SHTFG,8/10/2018,Pre,211_1,5,50,1.27,0.62,0.66,0.94,0.77,2209.95,1117
SHTFG,8/24/2018,Pre,111_1,3,30,1.42,0.55,0.56,0.82,0.71,2471.35,660
SHTFG,8/10/2018,Pre,111_1,6,67,1.35,0.64,0.68,0.96,0.78,2209.95,1447
SHTFG,9/12/2018,Pre,211_1,1,77,1.51,0.76,0.77,1.13,0.86,2827.89,1677
SHTFG,11/7/2018,Pre,111_1,6,52,1.48,0.63,0.64,0.94,0.77,3358.76,1125
SHTFG,9/28/2018,Pre,111_2,5,226,1.71,0.76,0.76,1.14,0.86,3079.29,4876
SHTFG,8/10/2018,Pre,211_2,3,60,1.31,0.63,0.67,0.95,0.77,2209.95,1303
SHTFG,8/24/2018,Pre,111_1,11,76,1.81,0.62,0.61,0.93,0.76,2471.35,1628
SHTFG,8/24/2018,Pre,111_1,1,41,1.71,0.59,0.59,0.88,0.74,2471.35,879
SHTFG,9/28/2018,Pre,111_2,3,228,1.7,0.76,0.77,1.14,0.87,3079.29,4890
SHTFG,9/12/2018,Pre,111_2,2,185,1.71,0.82,0.81,1.23,0.9,2827.89,3968
SHTFG,8/10/2018,Pre,214_2,3,31,1.26,0.6,0.65,0.9,0.75,2209.95,670
SHTFG,9/12/2018,Pre,211_2,4,188,1.67,0.81,0.81,1.22,0.9,2827.89,4006
SHTFG,11/7/2018,Pre,121_2,5,201,1.73,0.71,0.72,1.07,0.83,3358.76,4255
SHTFG,8/10/2018,Pre,111_2,8,110,1.47,0.69,0.72,1.03,0.81,2209.95,2320
SHTFG,8/10/2018,Pre,214_1,11,40,1.26,0.6,0.64,0.89,0.75,2209.95,836
SHTFG,9/12/2018,Pre,211_1,6,44,1.26,0.66,0.69,0.99,0.79,2827.89,917
SHTFG,11/7/2018,Pre,121_2,1,175,1.35,0.57,0.6,0.86,0.73,3358.76,3652
SHTFG,9/28/2018,Pre,111_2,2,231,1.75,0.78,0.78,1.16,0.87,3079.29,4777
SHTFG,8/24/2018,Pre,111_1,7,62,1.67,0.63,0.64,0.94,0.77,2471.35,1256
SHTFG,9/28/2018,Pre,121_2,6,205,1.61,0.72,0.73,1.08,0.84,3079.29,4149
SHTFG,11/7/2018,Pre,111_2,10,149,1.38,0.61,0.63,0.91,0.76,3358.76,3008
SHTFG,8/24/2018,Pre,111_2,1,67,1.59,0.58,0.6,0.87,0.74,2471.35,1346
SHTFG,8/10/2018,Pre,121_2,2,33,1.21,0.58,0.63,0.87,0.74,2209.95,669
SHTFG,8/24/2018,Pre,121_2,2,46,1.7,0.59,0.6,0.89,0.75,2471.35,926
SHTFG,9/28/2018,Pre,211_1,10,186,1.54,0.75,0.76,1.12,0.86,3079.29,3694
SHTFG,9/12/2018,Pre,211_2,5,184,1.65,0.8,0.79,1.19,0.89,2827.89,3646
SHTFG,8/24/2018,Pre,111_2,2,56,1.76,0.6,0.6,0.9,0.75,2471.35,1096
SHTFG,8/24/2018,Pre,211_1,9,60,1.96,0.64,0.64,0.96,0.78,2471.35,1173
SHTFG,11/7/2018,Pre,121_1,8,82,1.53,0.66,0.67,0.99,0.79,3358.76,1606
SHTFG,9/12/2018,Pre,111_2,5,183,1.6,0.78,0.79,1.18,0.88,2827.89,3564
SHTFG,9/28/2018,Pre,111_2,7,116,1.56,0.73,0.74,1.09,0.84,3079.29,2248
SHTFG,8/24/2018,Pre,211_2,1,42,1.67,0.59,0.6,0.88,0.74,2471.35,821
SHTFG,9/28/2018,Pre,121_2,8,216,1.75,0.78,0.78,1.17,0.88,3079.29,4178
SHTFG,9/12/2018,Pre,211_1,13,88,1.53,0.77,0.78,1.16,0.87,2827.89,1695
SHTFG,9/28/2018,Pre,121_2,6,117,1.61,0.72,0.73,1.08,0.84,3079.29,2220
SHTFG,9/28/2018,Pre,121_2,9,219,1.79,0.78,0.78,1.17,0.88,3079.29,4158
SHTFG,9/12/2018,Pre,211_1,3,66,1.45,0.73,0.74,1.09,0.84,2827.89,1245
SHTFG,9/28/2018,Pre,214_2,9,222,1.71,0.79,0.8,1.19,0.89,3079.29,4141
SHTFG,8/10/2018,Pre,214_2,7,114,1.45,0.68,0.7,1.01,0.81,2209.95,2086
SHTFG,9/12/2018,Pre,211_2,7,124,1.67,0.81,0.8,1.21,0.89,2827.89,2274
SHTFG,9/28/2018,Pre,111_1,11,182,1.52,0.72,0.73,1.08,0.84,3079.29,3310
SHTFG,9/28/2018,Pre,214_2,10,237,1.76,0.78,0.78,1.17,0.88,3079.29,4297
SHTFG,8/24/2018,Pre,111_1,13,40,1.73,0.61,0.62,0.91,0.76,2471.35,725
SHTFG,8/10/2018,Pre,214_2,6,113,1.4,0.66,0.69,0.99,0.79,2209.95,2035
SHTFG,9/12/2018,Pre,211_2,10,145,1.79,0.84,0.82,1.26,0.91,2827.89,2610
SHTFG,9/28/2018,Pre,214_2,1,135,1.58,0.76,0.77,1.14,0.87,3079.29,2394
SHTFG,9/12/2018,Pre,111_1,2,67,1.42,0.74,0.75,1.1,0.85,2827.89,1183
SHTFG,9/28/2018,Pre,121_2,4,211,1.67,0.75,0.75,1.13,0.86,3079.29,3707
SHTFG,9/12/2018,Pre,211_1,10,111,1.57,0.78,0.78,1.17,0.88,2827.89,1947
SHTFG,9/28/2018,Pre,111_1,10,180,1.48,0.72,0.74,1.08,0.84,3079.29,3141
SHTFG,9/28/2018,Pre,214_1,3,131,1.47,0.71,0.73,1.06,0.83,3079.29,2279
SHTFG,11/7/2018,Pre,111_1,3,79,1.43,0.64,0.65,0.96,0.78,3358.76,1373
SHTFG,9/28/2018,Pre,111_1,3,111,1.54,0.71,0.72,1.07,0.83,3079.29,1921
SHTFG,9/28/2018,Pre,111_1,1,128,1.58,0.72,0.74,1.08,0.84,3079.29,2194
SHTFG,9/12/2018,Pre,111_2,10,146,1.67,0.82,0.81,1.22,0.9,2827.89,2495
SHTFG,9/12/2018,Pre,211_1,7,57,1.25,0.66,0.68,0.98,0.79,2827.89,981
SHTFG,9/28/2018,Pre,211_1,9,189,1.62,0.77,0.78,1.16,0.87,3079.29,3228
SHTFG,9/12/2018,Pre,211_2,1,61,1.41,0.73,0.74,1.09,0.84,2827.89,1029
SHTFG,9/12/2018,Pre,111_1,9,118,1.56,0.78,0.77,1.17,0.88,2827.89,1984
SHTFG,9/28/2018,Pre,121_2,5,165,1.68,0.75,0.76,1.12,0.85,3079.29,2763
SHTFG,9/12/2018,Pre,111_2,8,152,1.7,0.82,0.82,1.23,0.9,2827.89,2515
SHTFG,9/28/2018,Pre,214_1,11,162,1.52,0.73,0.75,1.1,0.85,3079.29,2647
SHTFG,9/12/2018,Pre,111_2,3,195,1.72,0.82,0.8,1.23,0.9,2827.89,3192
SHTFG,9/28/2018,Pre,214_1,12,141,1.59,0.75,0.76,1.12,0.86,3079.29,2307
SHTFG,9/28/2018,Pre,214_2,3,228,1.75,0.79,0.8,1.19,0.89,3079.29,3715
SHTFG,9/28/2018,Pre,214_1,13,123,1.58,0.76,0.76,1.14,0.86,3079.29,1977
SHTFG,9/28/2018,Pre,211_2,1,126,1.64,0.75,0.76,1.13,0.86,3079.29,2033
SHTFG,9/28/2018,Pre,214_1,10,148,1.56,0.73,0.75,1.1,0.85,3079.29,2360
SHTFG,8/10/2018,Pre,111_1,7,42,1.39,0.65,0.69,0.97,0.79,2209.95,659
SHTFG,8/10/2018,Pre,214_2,5,74,1.37,0.63,0.66,0.95,0.77,2209.95,1171
SHTFG,11/7/2018,Pre,111_1,4,99,1.45,0.65,0.66,0.97,0.78,3358.76,1556
SHTFG,9/28/2018,Pre,211_1,7,122,1.45,0.71,0.73,1.06,0.83,3079.29,1896
SHTFG,9/28/2018,Pre,211_1,6,115,1.48,0.72,0.74,1.07,0.83,3079.29,1782
SHTFG,9/12/2018,Pre,111_2,4,199,1.73,0.82,0.8,1.23,0.9,2827.89,3048
SHTFG,11/7/2018,Pre,111_1,7,75,1.33,0.6,0.63,0.9,0.75,3358.76,1152
SHTFG,9/28/2018,Pre,214_2,7,220,1.75,0.8,0.81,1.2,0.89,3079.29,3303
SHTFG,11/7/2018,Pre,121_2,3,82,1.52,0.67,0.69,1.01,0.8,3358.76,1216
SHTFG,11/7/2018,Pre,111_1,5,100,1.42,0.64,0.65,0.95,0.78,3358.76,1486
SHTFG,9/28/2018,Pre,214_1,2,159,1.48,0.71,0.73,1.07,0.83,3079.29,2354
SHTFG,9/12/2018,Pre,211_1,11,118,1.49,0.76,0.76,1.13,0.86,2827.89,1710
SHTFG,9/28/2018,Pre,111_1,13,131,1.55,0.72,0.73,1.08,0.84,3079.29,1892
SHTFG,9/28/2018,Pre,214_1,4,136,1.51,0.7,0.71,1.04,0.82,3079.29,1971
SHTFG,9/28/2018,Pre,214_1,5,144,1.51,0.7,0.73,1.06,0.83,3079.29,2023
SHTFG,9/28/2018,Pre,211_1,1,151,1.62,0.75,0.76,1.13,0.86,3079.29,2086
SHTFG,9/28/2018,Pre,111_2,9,221,1.68,0.77,0.78,1.15,0.87,3079.29,3044
SHTFG,11/7/2018,Pre,121_1,11,84,1.4,0.62,0.65,0.93,0.76,3358.76,1158
SHTFG,11/7/2018,Pre,121_2,6,203,1.59,0.7,0.71,1.05,0.83,3358.76,2769
SHTFG,9/28/2018,Pre,211_1,4,133,1.55,0.73,0.75,1.09,0.84,3079.29,1806
SHTFG,11/7/2018,Pre,121_2,2,154,1.28,0.56,0.6,0.85,0.72,3358.76,2084
SHTFG,9/12/2018,Pre,111_1,4,54,1.3,0.7,0.73,1.05,0.82,2827.89,730
SHTFG,9/28/2018,Pre,211_1,3,130,1.57,0.74,0.75,1.11,0.85,3079.29,1723
SHTFG,9/28/2018,Pre,211_1,5,96,1.55,0.73,0.74,1.1,0.84,3079.29,1258
SHTFG,9/28/2018,Pre,111_1,5,82,1.38,0.67,0.69,1,0.8,3079.29,1064
SHTFG,11/7/2018,Pre,121_2,7,74,1.46,0.63,0.65,0.94,0.77,3358.76,959
SHTFG,9/28/2018,Pre,214_1,6,109,1.44,0.69,0.7,1.03,0.82,3079.29,1377
SHTFG,8/24/2018,Pre,111_1,9,99,1.82,0.64,0.63,0.95,0.78,2471.35,1239
SHTFG,9/28/2018,Pre,214_1,7,91,1.33,0.68,0.71,1.02,0.81,3079.29,1090
SHTFG,9/28/2018,Pre,211_2,2,121,1.52,0.72,0.74,1.08,0.84,3079.29,1453
SHTFG,9/28/2018,Pre,211_1,2,152,1.63,0.75,0.76,1.13,0.86,3079.29,1759
SHTFG,9/28/2018,Pre,214_2,6,194,1.71,0.8,0.8,1.2,0.89,3079.29,2238
SHTFG,11/7/2018,Pre,111_2,8,61,1.17,0.56,0.6,0.84,0.72,3358.76,695
SHTFG,9/12/2018,Pre,211_2,8,139,1.7,0.81,0.81,1.22,0.9,2827.89,1586
SHTFG,5/13/2019,Pre,211_1,10,54,1.49,0.66,0.6,0.99,0.79,3798.24,391
SHTFG,5/13/2019,Pre,211_1,8,68,1.54,0.7,0.63,1.04,0.82,3798.24,492
SHTFG,5/13/2019,Pre,214_2,7,174,1.71,0.73,0.67,1.1,0.85,3798.24,1264
SHTFG,5/13/2019,Pre,214_1,10,66,1.52,0.67,0.6,1.01,0.8,3798.24,484
SHTFG,5/13/2019,Pre,214_2,1,150,1.93,0.79,0.7,1.18,0.88,3798.24,1100
SHTFG,5/13/2019,Pre,111_1,5,47,1.59,0.68,0.61,1.02,0.81,3798.24,343
SHTFG,5/13/2019,Pre,121_2,2,121,1.93,0.79,0.72,1.18,0.88,3798.24,894
SHTFG,5/13/2019,Pre,111_1,2,51,1.56,0.67,0.61,1.01,0.8,3798.24,378
SHTFG,5/13/2019,Pre,111_1,13,42,1.47,0.65,0.59,0.98,0.79,3798.24,314
SHTFG,5/13/2019,Pre,111_1,10,38,1.64,0.68,0.62,1.03,0.81,3798.24,285
SHTFG,5/13/2019,Pre,214_1,12,83,1.71,0.71,0.63,1.07,0.83,3798.24,631
SHTFG,5/13/2019,Pre,214_2,8,184,1.57,0.69,0.64,1.04,0.82,3798.24,1395
SHTFG,5/13/2019,Pre,214_2,10,160,1.54,0.67,0.63,1.01,0.8,3798.24,1214
SHTFG,5/13/2019,Pre,121_2,1,145,1.83,0.77,0.7,1.16,0.87,3798.24,1115
SHTFG,5/13/2019,Pre,111_1,6,52,1.58,0.69,0.62,1.04,0.82,3798.24,400
SHTFG,5/13/2019,Pre,121_1,9,105,1.9,0.78,0.68,1.17,0.88,3798.24,826
SHTFG,5/13/2019,Pre,111_1,3,47,1.58,0.71,0.63,1.06,0.83,3798.24,369
SHTFG,5/13/2019,Pre,214_1,8,75,1.67,0.71,0.63,1.06,0.83,3798.24,600
SHTFG,5/13/2019,Pre,121_2,10,180,1.83,0.75,0.68,1.13,0.86,3798.24,1473
SHTFG,5/13/2019,Pre,211_2,9,200,1.85,0.8,0.72,1.2,0.89,3798.24,1654
SHTFG,5/13/2019,Pre,211_2,2,152,2.05,0.84,0.76,1.26,0.91,3798.24,1255
SHTFG,5/13/2019,Pre,111_2,9,99,1.83,0.76,0.68,1.15,0.87,3798.24,823
SHTFG,5/13/2019,Pre,111_2,1,165,1.63,0.7,0.65,1.06,0.83,3798.24,1371
SHTFG,5/13/2019,Pre,111_1,4,45,1.6,0.7,0.63,1.04,0.82,3798.24,376
SHTFG,5/13/2019,Pre,211_1,6,47,1.6,0.71,0.64,1.06,0.83,3798.24,396
SHTFG,5/13/2019,Pre,214_2,2,118,1.83,0.77,0.68,1.16,0.87,3798.24,1001
SHTFG,5/13/2019,Pre,211_2,3,138,2.11,0.84,0.75,1.26,0.91,3798.24,1209
SHTFG,5/13/2019,Pre,211_1,13,51,1.51,0.69,0.62,1.03,0.82,3798.24,448
SHTFG,5/13/2019,Pre,111_1,1,55,1.52,0.67,0.62,1,0.8,3798.24,491
SHTFG,5/13/2019,Pre,214_1,11,80,1.47,0.68,0.62,1.01,0.81,3798.24,719
SHTFG,5/13/2019,Pre,211_1,3,61,1.72,0.73,0.65,1.1,0.84,3798.24,543
SHTFG,5/13/2019,Pre,211_2,8,176,2,0.81,0.73,1.21,0.89,3798.24,1599
SHTFG,5/13/2019,Pre,111_1,9,79,1.72,0.72,0.65,1.08,0.84,3798.24,738
SHTFG,5/13/2019,Pre,214_2,5,135,1.83,0.76,0.68,1.14,0.86,3798.24,1260
SHTFG,5/13/2019,Pre,214_1,5,85,1.65,0.71,0.64,1.07,0.83,3798.24,795
SHTFG,5/13/2019,Pre,121_1,11,98,1.88,0.78,0.69,1.17,0.88,3798.24,933
SHTFG,5/13/2019,Pre,211_2,5,119,1.9,0.8,0.72,1.2,0.89,3798.24,1152
SHTFG,5/13/2019,Pre,211_2,10,158,2.01,0.82,0.74,1.23,0.9,3798.24,1570
SHTFG,5/13/2019,Pre,121_2,7,159,2.18,0.86,0.75,1.28,0.92,3798.24,1593
SHTFG,5/13/2019,Pre,211_1,4,67,1.78,0.75,0.65,1.12,0.86,3798.24,674
SHTFG,5/13/2019,Pre,111_1,11,35,1.46,0.63,0.59,0.95,0.77,3798.24,351
SHTFG,5/13/2019,Pre,211_1,7,58,1.53,0.66,0.61,0.99,0.8,3798.24,587
SHTFG,5/13/2019,Pre,121_2,9,188,1.83,0.75,0.68,1.12,0.85,3798.24,1924
SHTFG,5/13/2019,Pre,111_1,7,65,1.69,0.73,0.65,1.09,0.84,3798.24,683
SHTFG,5/13/2019,Pre,214_1,3,72,1.67,0.72,0.65,1.08,0.84,3798.24,764
SHTFG,5/13/2019,Pre,121_1,4,110,2.01,0.79,0.67,1.18,0.88,3798.24,1193
SHTFG,5/13/2019,Pre,121_2,4,133,1.99,0.81,0.72,1.21,0.89,3798.24,1483
SHTFG,5/13/2019,Pre,121_2,6,127,2.1,0.84,0.74,1.26,0.91,3798.24,1417
SHTFG,5/13/2019,Pre,121_1,5,166,1.82,0.76,0.68,1.15,0.87,3798.24,1874
SHTFG,5/13/2019,Pre,121_2,8,149,1.64,0.71,0.66,1.07,0.83,3798.24,1690
SHTFG,5/13/2019,Pre,214_1,4,83,1.73,0.72,0.64,1.08,0.84,3798.24,941
SHTFG,5/13/2019,Pre,211_2,7,137,2.02,0.83,0.74,1.24,0.9,3798.24,1553
SHTFG,5/13/2019,Pre,121_1,12,100,1.87,0.8,0.7,1.19,0.89,3798.24,1180
SHTFG,5/13/2019,Pre,121_1,3,129,1.81,0.76,0.68,1.14,0.86,3798.24,1560
SHTFG,5/13/2019,Pre,211_1,4,49,1.78,0.75,0.65,1.12,0.86,3798.24,606
SHTFG,5/13/2019,Pre,121_1,10,94,1.89,0.79,0.69,1.18,0.88,3798.24,1164
SHTFG,5/13/2019,Pre,211_2,6,92,2.06,0.82,0.74,1.23,0.9,3798.24,1172
SHTFG,5/13/2019,Pre,211_2,1,136,2.04,0.83,0.75,1.25,0.91,3798.24,1770
SHTFG,5/13/2019,Pre,111_2,7,149,2.05,0.83,0.74,1.24,0.91,3798.24,1949
SHTFG,5/13/2019,Pre,121_2,3,106,2.02,0.84,0.75,1.26,0.91,3798.24,1450
SHTFG,5/13/2019,Pre,211_2,4,101,2.04,0.83,0.74,1.24,0.9,3798.24,1389
SHTFG,5/13/2019,Pre,214_1,7,62,1.65,0.71,0.64,1.06,0.83,3798.24,856
SHTFG,5/13/2019,Pre,214_1,1,94,1.76,0.76,0.68,1.14,0.86,3798.24,1307
SHTFG,5/13/2019,Pre,214_1,2,80,1.86,0.76,0.65,1.14,0.86,3798.24,1131
SHTFG,5/13/2019,Pre,214_1,9,67,1.55,0.7,0.63,1.05,0.82,3798.24,983
SHTFG,5/13/2019,Pre,214_1,6,62,1.67,0.72,0.64,1.08,0.84,3798.24,918
SHTFG,5/13/2019,Pre,121_1,1,119,1.84,0.75,0.67,1.12,0.86,3798.24,1771
SHTFG,5/13/2019,Pre,111_1,8,91,1.94,0.78,0.71,1.18,0.88,3798.24,1366
SHTFG,10/15/2018,Pre,111_2,8,109,1.43,0.69,0.71,1.03,0.81,3255.06,3416
SHTFG,10/15/2018,Pre,111_1,8,121,1.32,0.66,0.69,0.99,0.8,3255.06,3653
SHTFG,10/15/2018,Pre,214_1,1,64,1.24,0.61,0.65,0.91,0.76,3255.06,1746
SHTFG,10/15/2018,Pre,214_1,9,60,1.46,0.73,0.75,1.1,0.85,3255.06,1530
SHTFG,10/15/2018,Pre,111_1,1,141,1.58,0.72,0.74,1.08,0.84,3255.06,3290
SHTFG,10/15/2018,Pre,211_2,9,206,1.74,0.79,0.8,1.19,0.88,3255.06,4745
SHTFG,10/15/2018,Pre,214_2,8,211,1.75,0.79,0.8,1.19,0.89,3255.06,4810
SHTFG,10/15/2018,Pre,214_1,6,100,1.44,0.69,0.7,1.03,0.82,3255.06,2267
SHTFG,10/15/2018,Pre,214_1,5,134,1.51,0.7,0.73,1.06,0.83,3255.06,2943
SHTFG,10/15/2018,Pre,111_1,7,98,1.52,0.71,0.73,1.07,0.83,3255.06,2136
SHTFG,10/15/2018,Pre,214_2,10,204,1.76,0.78,0.78,1.17,0.88,3255.06,4396
SHTFG,10/15/2018,Pre,214_2,3,207,1.75,0.79,0.8,1.19,0.89,3255.06,4430
SHTFG,10/15/2018,Pre,214_2,7,210,1.75,0.8,0.81,1.2,0.89,3255.06,4468
SHTFG,10/15/2018,Pre,121_2,8,197,1.75,0.78,0.78,1.17,0.88,3255.06,4142
SHTFG,10/15/2018,Pre,111_2,3,237,1.7,0.76,0.77,1.14,0.87,3255.06,4977
SHTFG,10/15/2018,Pre,214_2,2,114,1.38,0.68,0.71,1.02,0.81,3255.06,2368
SHTFG,10/15/2018,Pre,211_2,7,202,1.68,0.79,0.8,1.19,0.89,3255.06,4129
SHTFG,10/15/2018,Pre,214_2,9,203,1.71,0.79,0.8,1.19,0.89,3255.06,4143
SHTFG,10/15/2018,Pre,121_2,10,222,1.71,0.76,0.76,1.14,0.86,3255.06,4500
SHTFG,10/15/2018,Pre,111_2,7,160,1.56,0.73,0.74,1.09,0.84,3255.06,3212
SHTFG,10/15/2018,Pre,111_2,5,227,1.71,0.76,0.76,1.14,0.86,3255.06,4496
SHTFG,10/15/2018,Pre,111_2,1,238,1.65,0.76,0.76,1.14,0.86,3255.06,4683
SHTFG,10/15/2018,Pre,214_1,12,139,1.59,0.75,0.76,1.12,0.86,3255.06,2716
SHTFG,10/15/2018,Pre,111_2,4,244,1.7,0.76,0.77,1.14,0.86,3255.06,4761
SHTFG,10/15/2018,Pre,211_1,12,84,1.18,0.62,0.67,0.93,0.76,3255.06,1623
SHTFG,10/15/2018,Pre,214_1,13,125,1.58,0.76,0.76,1.14,0.86,3255.06,2373
SHTFG,10/15/2018,Pre,121_2,4,202,1.67,0.75,0.75,1.13,0.86,3255.06,3816
SHTFG,10/15/2018,Pre,211_2,10,206,1.74,0.8,0.81,1.2,0.89,3255.06,3830
SHTFG,10/15/2018,Pre,111_1,13,146,1.55,0.72,0.73,1.08,0.84,3255.06,2698
SHTFG,10/15/2018,Pre,214_2,6,201,1.71,0.8,0.8,1.2,0.89,3255.06,3670
SHTFG,10/15/2018,Pre,111_2,2,244,1.75,0.78,0.78,1.16,0.87,3255.06,4445
SHTFG,10/15/2018,Pre,214_1,8,92,1.31,0.66,0.7,0.99,0.8,3255.06,1662
SHTFG,10/15/2018,Pre,211_1,7,114,1.45,0.71,0.73,1.06,0.83,3255.06,2048
SHTFG,10/15/2018,Pre,211_1,5,93,1.55,0.73,0.74,1.1,0.84,3255.06,1677
SHTFG,10/15/2018,Pre,121_2,5,185,1.68,0.75,0.76,1.12,0.85,3255.06,3304
SHTFG,10/15/2018,Pre,214_2,1,158,1.58,0.76,0.77,1.14,0.87,3255.06,2775
SHTFG,10/15/2018,Pre,211_1,4,131,1.55,0.73,0.75,1.09,0.84,3255.06,2257
SHTFG,10/15/2018,Pre,121_2,9,203,1.79,0.78,0.78,1.17,0.88,3255.06,3491
SHTFG,10/15/2018,Pre,214_1,3,121,1.47,0.71,0.73,1.06,0.83,3255.06,2087
SHTFG,10/15/2018,Pre,211_2,3,102,1.35,0.65,0.69,0.97,0.79,3255.06,1746
SHTFG,10/15/2018,Pre,111_1,2,143,1.55,0.72,0.73,1.07,0.83,3255.06,2418
SHTFG,10/15/2018,Pre,111_1,4,122,1.48,0.71,0.73,1.07,0.83,3255.06,2053
SHTFG,10/15/2018,Pre,214_1,4,133,1.51,0.7,0.71,1.04,0.82,3255.06,2173
SHTFG,10/15/2018,Pre,121_2,6,138,1.61,0.72,0.73,1.08,0.84,3255.06,2178
SHTFG,10/15/2018,Pre,214_1,7,92,1.33,0.68,0.71,1.02,0.81,3255.06,1424
SHTFG,10/15/2018,Pre,211_1,1,147,1.62,0.75,0.76,1.13,0.86,3255.06,2178
SHTFG,10/15/2018,Pre,211_2,6,184,1.69,0.79,0.79,1.18,0.88,3255.06,2709
SHTFG,10/15/2018,Pre,111_1,3,136,1.54,0.71,0.72,1.07,0.83,3255.06,1955
SHTFG,10/15/2018,Pre,211_2,2,149,1.52,0.72,0.74,1.08,0.84,3255.06,2112
SHTFG,10/15/2018,Pre,211_1,11,78,1.51,0.71,0.73,1.07,0.83,3255.06,1093
SHTFG,10/15/2018,Pre,211_1,2,139,1.63,0.75,0.76,1.13,0.86,3255.06,1936
SHTFG,10/15/2018,Pre,111_2,6,176,1.59,0.75,0.76,1.12,0.85,3255.06,2454
SHTFG,10/15/2018,Pre,111_1,5,103,1.38,0.67,0.69,1,0.8,3255.06,1334
